OBJECTID,FID_GROCER,FID_GROC_1,FACILITYID,FID_POV_AC,GEOID,FIRST_TOTA,FIRST_UNDE,FIRST_OVER,POPAREA,SHAPE_LENG,PARTPOP,PARTUNDER1,PARTOVER18,PARTAREA,AREARATIO,GROCERYACC,FID_WARDPL,WARD,NAME,SHAPE_LE_1,SHAPE_AR_1,WRDPRTAREA,AREARTIO2,PARTPOP2,PRTOVR185,PRTUND185,PERCENTUND185,GIS_ID,GLOBALID,CREATOR,CREATED,EDITOR,EDITED,SHAPEAREA,SHAPELEN
1,77,-1,0,78,110010016004,1682,86,1596,875665.647356,8862.45849529,1405,72,1333,731490.545391,0.83535371,N,8,4,Ward 4,25130.9943982,23314921.9682,731492,1,1405,1333,72,0.05124555,LowFoodAccessPly_36,{FF96FCBB-7D7E-4898-913E-5F212838668D},,,,,0,0
2,74,-1,0,75,110010016001,1191,71,1120,451499.44203,3878.61465563,1191,71,1120,451499.452113,1.00000002,N,8,4,Ward 4,25130.9943982,23314921.9682,451499,1,1191,1120,71,0.05961377,LowFoodAccessPly_37,{B0964E8D-C59E-47E7-BBF1-B997B15ACD31},,,,,0,0
3,69,-1,0,70,110010015001,1654,51,1603,834116.766326,7692.48264374,1654,51,1603,834116.692261,0.99999991,N,8,4,Ward 4,25130.9943982,23314921.9682,834115,1,1654,1603,51,0.03083434,LowFoodAccessPly_38,{7C2582DE-0DBF-4496-9D85-C9EDF2EA8DFA},,,,,0,0
4,354,-1,0,428,110010103002,1312,455,857,240320.505856,2699.96587642,1312,455,857,240320.503427,0.99999999,N,8,4,Ward 4,25130.9943982,23314921.9682,239769,1,1312,857,455,0.34679878,LowFoodAccessPly_39,{D5861A4D-9AAA-443F-A5EC-A099A62987C3},,,,,0,0
5,75,-1,0,76,110010016002,606,62,544,192218.254228,2372.36300988,606,62,544,192218.256,1.00000001,N,8,4,Ward 4,25130.9943982,23314921.9682,192218,1,606,544,62,0.10231023,LowFoodAccessPly_40,{95062827-C1F9-4AC5-9DC3-8EE71FD0CBA4},,,,,0,0
6,76,-1,0,77,110010016003,669,12,657,354859.587426,2812.04636374,669,12,657,354859.591981,1.00000001,N,8,4,Ward 4,25130.9943982,23314921.9682,354860,1,669,657,12,0.01793722,LowFoodAccessPly_41,{617F45AE-55E7-4493-A52E-A5639FAE1295},,,,,0,0
7,72,-1,0,73,110010015004,1645,91,1554,570259.973338,4445.86993794,1645,91,1554,570259.988122,1.00000003,N,8,4,Ward 4,25130.9943982,23314921.9682,570266,1,1645,1554,91,0.05531915,LowFoodAccessPly_42,{FB228228-9EBC-4C17-B82F-E7D67202AEC0},,,,,0,0
8,79,-1,0,80,110010017022,1429,295,1134,508409.967283,4057.7452514,1426,294,1132,507462.708882,0.99813682,N,8,4,Ward 4,25130.9943982,23314921.9682,507449,1,1426,1132,294,0.20617111,LowFoodAccessPly_43,{4609BA76-5753-4837-983E-AAC0476DB2B8},,,,,0,0
9,355,-1,0,429,110010103003,1246,552,694,256972.62211,1726.07064305,812,360,452,167419.142964,0.65150576,N,8,4,Ward 4,25130.9943982,23314921.9682,167419,1,812,452,360,0.44334975,LowFoodAccessPly_44,{407698A0-3DED-4AA4-8335-044AAF217A13},,,,,0,0
10,353,-1,0,427,110010103001,605,105,500,581982.657253,2680.72755153,369,64,305,355287.340953,0.61047754,N,8,4,Ward 4,25130.9943982,23314921.9682,355287,1,369,305,64,0.17344174,LowFoodAccessPly_45,{7902A97A-7833-4BB7-B9DB-88941004FFD0},,,,,0,0
11,78,-1,0,79,110010017021,1620,237,1383,400832.136662,2752.49628355,771,113,658,190731.49038,0.47583882,N,8,4,Ward 4,25130.9943982,23314921.9682,190731,1,771,658,113,0.1465629,LowFoodAccessPly_46,{5991F4A5-DBAC-48F2-99D9-2A18F5881E3A},,,,,0,0
12,73,-1,0,74,110010015005,975,0,975,320343.625216,2362.35299173,975,0,975,320343.625429,1,N,8,4,Ward 4,25130.9943982,23314921.9682,320323,1,975,975,0,0,LowFoodAccessPly_47,{AAC2C02A-1EC7-4762-A675-D60E74B23449},,,,,0,0
13,71,-1,0,72,110010015003,717,17,700,284979.142886,2404.42388987,717,17,700,284979.138323,0.99999998,N,8,4,Ward 4,25130.9943982,23314921.9682,284979,1,717,700,17,0.0237099,LowFoodAccessPly_48,{1B295EEE-F11A-4BC2-9311-ACE52F60BD63},,,,,0,0
14,80,-1,0,81,110010018031,1350,440,910,197652.624258,2995.16999892,989,322,667,144790.72603,0.7325515,N,8,4,Ward 4,25130.9943982,23314921.9682,144791,1,989,667,322,0.3255814,LowFoodAccessPly_49,{12927603-6976-47A9-97D7-4A38BEF8CAC2},,,,,0,0
15,82,-1,0,83,110010018041,1091,318,773,162160.926592,593.41552415,60,18,43,8988.33261359,0.05542847,N,8,4,Ward 4,25130.9943982,23314921.9682,8988.33007813,1,60,43,18,0.30000001,LowFoodAccessPly_50,{5E9B7E17-61DA-4EDE-A667-7D35E1FAAC5C},,,,,0,0
16,65,-1,0,66,110010014012,1160,63,1097,421038.075523,1301.66221346,128,7,121,46286.8336421,0.10993503,N,7,4,Ward 3,28342.1673132,28320779.7089,46282.5,1,128,121,7,0.0546875,LowFoodAccessPly_51,{F7151F63-E8AB-40CB-8ADA-3AA92E3EF713},,,,,0,0
17,303,-1,0,376,110010095052,737,38,699,444023.012303,5009.27106843,715,37,678,430787.856141,0.97019263,N,8,4,Ward 4,25130.9943982,23314921.9682,430788,1,715,678,37,0.05174825,LowFoodAccessPly_52,{513A8B6C-8045-414F-9DB8-F8E1BE38A950},,,,,0,0
18,89,-1,0,91,110010019022,834,143,691,393509.330319,3745.93602898,811,139,672,382580.509808,0.97222729,N,8,4,Ward 4,25130.9943982,23314921.9682,382581,1,811,672,139,0.17139333,LowFoodAccessPly_53,{94DDAEC3-FC10-4852-9DBE-40EA54182B30},,,,,0,0
19,70,-1,0,71,110010015002,1139,55,1084,289793.380719,3362.55205118,1083,52,1030,275443.496132,0.95048236,N,8,4,Ward 4,25130.9943982,23314921.9682,275440,1,1083,1030,52,0.04801477,LowFoodAccessPly_54,{E922434B-8CB0-4A05-9FA4-ED934B6AE2F8},,,,,0,0
20,87,-1,0,89,110010019014,798,59,739,189836.829942,218.52164471,9,1,8,2055.49302505,0.01082768,N,8,4,Ward 4,25130.9943982,23314921.9682,2055.48999023,1,9,8,1,0.11111111,LowFoodAccessPly_55,{8040F0AE-FDFE-4F4B-917B-D5CDE9D76575},,,,,0,0
21,81,-1,0,82,110010018032,2692,1151,1541,140519.59242,1645.52260706,1605,686,919,83768.817668,0.59613621,N,8,4,Ward 4,25130.9943982,23314921.9682,83768.796875,1,1605,919,686,0.42741433,LowFoodAccessPly_56,{B1E8001B-5104-4300-AAD3-3C09B3591B69},,,,,0,0
22,86,-1,0,88,110010019013,1095,250,845,173116.716476,910.98564234,301,69,232,47519.8060399,0.27449577,N,8,4,Ward 4,25130.9943982,23314921.9682,47519.80078125,1,301,232,69,0.22923589,LowFoodAccessPly_57,{BB8DDC45-0B52-45F0-B7F5-EE65D821B5F4},,,,,0,0
23,83,-1,0,85,110010018043,2674,1048,1626,165237.985556,567.14501757,320,125,194,19752.9931732,0.11954269,N,8,4,Ward 4,25130.9943982,23314921.9682,19753,1,320,194,125,0.390625,LowFoodAccessPly_58,{8E37C633-65ED-49BD-9903-6071A526BFF7},,,,,0,0
24,66,-1,0,67,110010014021,884,60,824,301763.381125,3166.21503645,884,60,824,301763.3848,1.00000001,N,8,4,Ward 4,25130.9943982,23314921.9682,301763,1,884,824,60,0.06787331,LowFoodAccessPly_59,{7D758C30-950F-4A3B-9416-4DF23419CB55},,,,,0,0
25,64,-1,0,65,110010014011,2209,295,1914,357388.018929,2207.7820868,937,125,812,151555.938782,0.42406553,N,8,4,Ward 4,25130.9943982,23314921.9682,110947,0.73205298,686,594,92,0.13411079,LowFoodAccessPly_60,{DBB09C96-2D96-4FC6-AF2A-8B07AC338658},,,,,0,0
26,302,-1,0,375,110010095051,957,389,568,171837.842546,1000.72424828,136,55,81,24452.9448854,0.14230244,N,8,4,Ward 4,25130.9943982,23314921.9682,24452.90039063,1,136,81,55,0.40441176,LowFoodAccessPly_61,{1918A9AF-1BC7-459C-A2C3-624694C689C3},,,,,0,0
27,85,-1,0,87,110010019012,987,248,739,158776.9143,780.92864903,165,41,123,26478.8584727,0.16676769,N,8,4,Ward 4,25130.9943982,23314921.9682,26478.90039063,1,165,123,41,0.24848485,LowFoodAccessPly_62,{1D05E93F-0960-4ECE-9428-305310243BA4},,,,,0,0
28,88,-1,0,90,110010019021,1497,260,1237,344343.466256,4363.05382359,1496,260,1236,344148.517489,0.99943385,N,8,4,Ward 4,25130.9943982,23314921.9682,344149,1,1496,1236,260,0.17379679,LowFoodAccessPly_63,{1A549D95-A8FB-4E12-97FD-2D8BCA896C6C},,,,,0,0
29,64,-1,0,65,110010014011,2209,295,1914,357388.018929,2207.7820868,937,125,812,151555.938782,0.42406553,N,7,4,Ward 3,28342.1673132,28320779.7089,40608.8984375,0.26794699,251,218,33,0.13147411,LowFoodAccessPly_64,{5A10770A-E6E6-4586-ADDB-3D03EAAD7293},,,,,0,0
30,91,-1,0,93,110010020012,1413,174,1239,341260.764702,2967.26630032,1061,131,931,256348.973118,0.75118209,N,8,4,Ward 4,25130.9943982,23314921.9682,256349,1,1061,931,131,0.12346843,LowFoodAccessPly_1,{D23EE1FF-A442-40A1-A049-F00582074E74},,,,,0,0
31,84,-1,0,86,110010019011,1117,411,706,219928.171373,909.75078191,58,21,37,11398.0095155,0.05182606,N,8,4,Ward 4,25130.9943982,23314921.9682,11398,1,58,37,21,0.36206895,LowFoodAccessPly_2,{A5CE9528-8358-432D-9A74-FD89B081E5F6},,,,,0,0
32,58,-1,0,59,110010013011,1771,233,1538,456279.49272,6843.71989071,1539,203,1337,396584.510646,0.86917014,N,7,4,Ward 3,28342.1673132,28320779.7089,396572,1,1539,1337,203,0.13190383,LowFoodAccessPly_3,{04478B00-45F6-441E-B35A-662C2426AD1B},,,,,0,0
33,67,-1,0,68,110010014022,874,38,836,333635.226526,5107.77095992,867,38,829,330828.451749,0.99158729,N,7,4,Ward 3,28342.1673132,28320779.7089,59443.5,0.179681,156,149,7,0.0448718,LowFoodAccessPly_4,{8DB504D3-5397-4FE0-B1CC-E290FE7E6DA0},,,,,0,0
34,67,-1,0,68,110010014022,874,38,836,333635.226526,5107.77095992,867,38,829,330828.451749,0.99158729,N,8,4,Ward 4,25130.9943982,23314921.9682,271384,0.82031602,711,680,31,0.04360056,LowFoodAccessPly_5,{0502E080-279E-4C94-8E6C-15B82AC4D206},,,,,0,0
35,304,-1,0,377,110010095053,992,284,708,337668.900692,2432.48942237,139,40,99,47346.1417646,0.14021469,N,8,4,Ward 4,25130.9943982,23314921.9682,47346.1015625,1,139,99,40,0.28776979,LowFoodAccessPly_6,{68A5FD96-DCA4-40DF-A5F9-220676240086},,,,,0,0
36,68,-1,0,69,110010014023,1557,420,1137,177116.983787,2796.19846234,1270,342,927,144431.530214,0.81545839,N,7,3,Ward 3,28342.1673132,28320779.7089,144432,1,1270,927,342,0.26929134,LowFoodAccessPly_7,{643B0225-2A1F-4973-8C21-1DDA9D92D093},,,,,0,0
37,100,-1,0,102,110010021021,727,45,682,159727.325217,3170.42893908,727,45,682,159727.316181,0.99999994,N,8,4,Ward 4,25130.9943982,23314921.9682,159727,1,727,682,45,0.06189821,LowFoodAccessPly_8,{720057C7-60CF-4525-B85D-E5E2EF04A48E},,,,,0,0
38,50,-1,0,51,110010011001,1986,65,1921,423020.743683,1080.26710527,142,5,138,30337.7343505,0.0717169,N,7,3,Ward 3,28342.1673132,28320779.7089,30337.69921875,1,142,138,5,0.03521127,LowFoodAccessPly_9,{FACE8677-ACBA-4615-A096-2476557196B2},,,,,0,0
39,51,-1,0,52,110010011002,1233,119,1114,452181.892772,2006.58661158,530,51,479,194428.481901,0.42997848,N,7,3,Ward 3,28342.1673132,28320779.7089,194428,1,530,479,51,0.09622642,LowFoodAccessPly_10,{BD42AC87-0401-4CAC-8648-C73600B1FDAC},,,,,0,0
40,52,-1,0,53,110010011003,760,25,735,158583.186307,2070.1000824,752,25,727,156911.323456,0.9894575,N,7,3,Ward 3,28342.1673132,28320779.7089,156911,1,752,727,25,0.03324468,LowFoodAccessPly_11,{B3516B63-C682-467E-9621-CABDF7A5CF8D},,,,,0,0
41,305,-1,0,378,110010095071,1631,363,1268,275451.395692,1168.41057084,256,57,199,43289.4120768,0.15715808,N,8,4,Ward 4,25130.9943982,23314921.9682,43284.5,1,256,199,57,0.22265625,LowFoodAccessPly_12,{06CF12B1-05BC-4D04-B8FB-379C206794F7},,,,,0,0
42,95,-1,0,97,110010021011,1563,269,1294,142702.87411,805.37344232,172,30,142,15686.4652329,0.10992396,N,8,4,Ward 4,25130.9943982,23314921.9682,15686.5,1,172,142,30,0.1744186,LowFoodAccessPly_13,{402507FD-2F1E-4BBC-88CD-85B14E8D6EC7},,,,,0,0
43,59,-1,0,60,110010013012,677,11,666,499657.343902,6174.82314635,677,11,666,499657.346454,1.00000001,N,7,4,Ward 3,28342.1673132,28320779.7089,499647,1,677,666,11,0.01624815,LowFoodAccessPly_14,{DC234940-A3E4-4E29-AFC6-85E249AE1371},,,,,0,0
44,53,-1,0,54,110010011004,754,58,696,430718.664426,5082.85986695,388,30,358,221716.873086,0.51476031,N,7,3,Ward 3,28342.1673132,28320779.7089,221714,1,388,358,30,0.07731958,LowFoodAccessPly_15,{D37CA795-0F45-4704-ABE2-7E0AC62908E6},,,,,0,0
45,105,-1,0,107,110010021026,697,180,517,117672.369645,1525.08053011,697,180,517,117672.374784,1.00000004,N,8,4,Ward 4,25130.9943982,23314921.9682,117672,1,697,517,180,0.25824964,LowFoodAccessPly_16,{8949A001-789C-497D-A863-148D0D9D78E0},,,,,0,0
46,103,-1,0,105,110010021024,1031,271,760,105930.362154,2265.57951422,1031,271,760,105930.351093,0.9999999,N,8,4,Ward 4,25130.9943982,23314921.9682,105930,1,1031,760,271,0.2628516,LowFoodAccessPly_17,{72BC8AA2-D94F-4AEA-8A84-AD86AF5F9F41},,,,,0,0
47,102,-1,0,104,110010021023,1121,213,908,98064.344005,1478.00523822,1121,213,908,98064.3527566,1.00000009,N,8,4,Ward 4,25130.9943982,23314921.9682,98064.3984375,1,1121,908,213,0.19000892,LowFoodAccessPly_25,{A1D086AB-F69C-4ECC-BDB3-780326EACE25},,,,,0,0
48,101,-1,0,103,110010021022,585,218,367,132436.382324,2028.75599679,516,192,324,116796.949757,0.88190985,N,8,4,Ward 4,25130.9943982,23314921.9682,116796,1,516,324,192,0.37209302,LowFoodAccessPly_26,{27724D81-BDE7-4303-9F83-90B83F2B6F58},,,,,0,0
49,96,-1,0,98,110010021012,1053,610,443,85476.1536831,1139.68739145,998,578,420,81012.3812364,0.94777757,N,8,4,Ward 4,25130.9943982,23314921.9682,81012.3984375,1,998,420,578,0.57915831,LowFoodAccessPly_27,{8FD210A2-A020-4265-ADCA-BE598F68E84F},,,,,0,0
50,307,-1,0,380,110010095082,1257,139,1118,249797.21357,1532.35569252,739,82,657,146832.253717,0.58780581,N,6,4,Ward 5,22893.4048565,26910761.219,146828,1,739,657,82,0.11096076,LowFoodAccessPly_28,{E4546BB6-4F6F-415A-BBDD-D15373C4035B},,,,,0,0
51,41,-1,0,42,110010010011,935,46,889,277604.198808,1751.94012377,393,19,374,116756.38172,0.42058579,N,7,3,Ward 3,28342.1673132,28320779.7089,116756,1,393,374,19,0.04834606,LowFoodAccessPly_29,{35054253-5DA9-4EA2-82D8-523FD8B6F85A},,,,,0,0
52,90,-1,0,92,110010020011,1435,644,791,134376.359138,170.58160012,8,3,4,708.68866308,0.00527391,N,8,4,Ward 4,25130.9943982,23314921.9682,708.68902588,1,8,4,3,0.375,LowFoodAccessPly_30,{397996A5-9505-4601-B67B-A6A52EB9FA07},,,,,0,0
53,99,-1,0,101,110010021015,1024,460,564,82319.6179462,620.51892394,221,99,122,17769.2037906,0.21585625,N,8,4,Ward 4,25130.9943982,23314921.9682,17769.19921875,1,221,122,99,0.4479638,LowFoodAccessPly_31,{3B61CDEA-4EB4-4DB2-BA30-854F2F8026A1},,,,,0,0
54,45,-1,0,46,110010010015,801,121,680,277666.071632,3087.4212396,801,121,680,277666.069531,0.99999999,N,7,3,Ward 3,28342.1673132,28320779.7089,277666,1,801,680,121,0.15106118,LowFoodAccessPly_32,{242675D1-25F7-4586-87D1-11335B4053A8},,,,,0,0
55,93,-1,0,95,110010020022,1508,726,782,141528.272963,87.78614372,2,1,1,210.77185202,0.00148926,N,8,4,Ward 4,25130.9943982,23314921.9682,210.77200317,1,2,1,1,0.5,LowFoodAccessPly_33,{9B22D1A9-FAF7-4CE7-BEF1-A3AE67119B4A},,,,,0,0
56,94,-1,0,96,110010020023,1309,178,1131,357377.469948,2877.51063981,1219,166,1053,332858.832728,0.93139288,N,8,4,Ward 4,25130.9943982,23314921.9682,332859,1,1219,1053,166,0.1361772,LowFoodAccessPly_34,{2A490D21-504B-477F-A5E9-6B948F4D1D06},,,,,0,0
57,120,-1,0,128,110010026002,1409,88,1321,600547.313342,4553.8529983,1409,88,1321,600547.359746,1.00000008,N,8,4,Ward 4,25130.9943982,23314921.9682,600547,1,1409,1321,88,0.06245564,LowFoodAccessPly_35,{08B8B737-5EE3-4561-A327-1237E57AB7BE},,,,,0,0
58,92,-1,0,94,110010020021,1074,70,1004,342018.54113,3537.09617279,960,63,898,305810.224115,0.89413347,N,8,4,Ward 4,25130.9943982,23314921.9682,305810,1,960,898,63,0.065625,LowFoodAccessPly_18,{9E5E1180-A0F2-4BF9-840A-34CD03E01711},,,,,0,0
59,308,-1,0,381,110010095083,1631,200,1431,169199.343228,3725.72804378,1218,149,1069,126398.379948,0.74703824,N,6,5,Ward 5,22893.4048565,26910761.219,126398,1,1218,1069,149,0.12233169,LowFoodAccessPly_19,{7FABFA8E-970F-45AD-8C52-183251067BEF},,,,,0,0
60,97,-1,0,99,110010021013,1228,116,1112,131643.938386,1451.11165458,1228,116,1112,131643.945388,1.00000005,N,8,4,Ward 4,25130.9943982,23314921.9682,131644,1,1228,1112,116,0.09446254,LowFoodAccessPly_20,{1D6996FF-32B9-4ABB-9A54-AF3CE8FFCA8A},,,,,0,0
61,98,-1,0,100,110010021014,991,528,463,116183.981765,1687.92738028,950,506,444,111326.893119,0.95819485,N,8,4,Ward 4,25130.9943982,23314921.9682,111327,1,950,444,506,0.53263158,LowFoodAccessPly_21,{F499CA69-A204-482E-922D-C180CB5CB152},,,,,0,0
62,42,-1,0,43,110010010012,1941,171,1770,495574.804008,2479.28673309,758,67,691,193560.131949,0.39057702,N,7,3,Ward 3,28342.1673132,28320779.7089,193560,1,758,691,67,0.0883905,LowFoodAccessPly_22,{237CDD11-8518-47A4-B215-E15D088C0C25},,,,,0,0
63,60,-1,0,61,110010013013,1464,111,1353,203539.024128,2683.95738263,1370,104,1267,190536.596138,0.93611826,N,7,3,Ward 3,28342.1673132,28320779.7089,190537,1,1370,1267,104,0.07591241,LowFoodAccessPly_23,{2D9B4FC1-766B-4A05-9802-48670F14E63C},,,,,0,0
64,306,-1,0,379,110010095081,941,272,669,338024.025087,4312.82495456,264,76,188,94804.9284131,0.28046802,N,6,4,Ward 5,22893.4048565,26910761.219,94802.6015625,1,264,188,76,0.28787878,LowFoodAccessPly_24,{8DB4284B-E77F-4B0D-82B6-F058BD6E097F},,,,,0,0
65,104,-1,0,106,110010021025,726,295,431,80319.7848831,1306.11774167,726,295,431,80319.781114,0.99999995,N,8,4,Ward 4,25130.9943982,23314921.9682,80319.796875,1,726,431,295,0.4063361,LowFoodAccessPly_119,{5464DAED-382B-4F40-BDDC-FC52176363C8},,,,,0,0
66,54,-1,0,55,110010012001,1825,153,1672,190903.741148,1967.21945682,1147,96,1051,120027.372345,0.62873243,N,7,3,Ward 3,28342.1673132,28320779.7089,120027,1,1147,1051,96,0.0836966,LowFoodAccessPly_120,{974FDCEB-DA09-4107-A64A-56D8F69A0740},,,,,0,0
67,297,-1,0,370,110010095031,1615,211,1404,591683.143514,4909.03375714,1615,211,1404,591683.12013,0.99999996,N,6,5,Ward 5,22893.4048565,26910761.219,591683,1,1615,1404,211,0.13065015,LowFoodAccessPly_121,{DF84EFCB-3C7E-4890-877A-D9730F383854},,,,,0,0
68,294,-1,0,367,110010095011,2762,1542,1220,394557.238564,4657.11720599,2762,1542,1220,394557.234712,0.99999999,N,6,4,Ward 5,22893.4048565,26910761.219,394553,1,2762,1220,1542,0.55829108,LowFoodAccessPly_122,{01C75617-5F6B-47F9-9546-0D49C99C481D},,,,,0,0
69,309,-1,0,382,110010095091,1486,556,930,178384.939229,2063.59931323,1486,556,930,178384.941132,1.00000001,N,6,5,Ward 5,22893.4048565,26910761.219,178385,1,1486,930,556,0.37415883,LowFoodAccessPly_123,{29458C0B-08A8-41D5-8918-7292BB678A27},,,,,0,0
70,109,-1,0,111,110010022021,1998,949,1049,491968.082115,2868.92115696,1998,949,1049,491968.079945,1,N,8,4,Ward 4,25130.9943982,23314921.9682,491958,1,1998,1049,949,0.47497496,LowFoodAccessPly_124,{2310D832-44B1-4197-A34D-793369104139},,,,,0,0
71,111,-1,0,113,110010022023,892,325,567,104651.323957,1382.26197738,892,325,567,104651.330729,1.00000006,N,8,4,Ward 4,25130.9943982,23314921.9682,104652,1,892,567,325,0.36434978,LowFoodAccessPly_125,{796A4B02-2AB2-4AC2-889E-960B94015E3F},,,,,0,0
72,106,-1,0,108,110010022011,1509,126,1383,144506.657278,1522.36573532,1509,126,1383,144506.655189,0.99999999,N,8,4,Ward 4,25130.9943982,23314921.9682,144507,1,1509,1383,126,0.08349901,LowFoodAccessPly_126,{9E8F39E7-3914-4DE0-83AA-1E8ADBE3FA4E},,,,,0,0
73,311,-1,0,384,110010095093,1105,291,814,252845.913745,2345.13883015,1100,290,811,251780.009809,0.99578437,N,6,5,Ward 5,22893.4048565,26910761.219,251780,1,1100,811,290,0.26363635,LowFoodAccessPly_127,{47E9FDF7-CF73-4805-B5E8-413330DF63B4},,,,,0,0
74,108,-1,0,110,110010022013,1003,180,823,96290.4681411,1243.45951759,1003,180,823,96290.4638287,0.99999996,N,8,4,Ward 4,25130.9943982,23314921.9682,96290.5,1,1003,823,180,0.17946161,LowFoodAccessPly_65,{129986F2-AE4D-45C1-882A-BEF57112FC40},,,,,0,0
75,43,-1,0,44,110010010013,1168,0,1168,333889.268976,2736.48008555,1168,0,1168,333889.26966,1,N,7,3,Ward 3,28342.1673132,28320779.7089,333889,1,1168,1168,0,0,LowFoodAccessPly_66,{C3EFA32D-BD58-435D-8A34-61D5E43BAD70},,,,,0,0
76,310,-1,0,383,110010095092,894,77,817,212641.679899,2117.85893885,894,77,817,212641.67957,1,N,6,5,Ward 5,22893.4048565,26910761.219,212642,1,894,817,77,0.08612975,LowFoodAccessPly_67,{211AF8E8-0569-4CE9-9A59-6C3D4A926E1E},,,,,0,0
77,55,-1,0,56,110010012002,944,170,774,179144.976878,986.73754709,290,52,238,55048.0694943,0.30728224,N,7,3,Ward 3,28342.1673132,28320779.7089,55048.1015625,1,290,238,52,0.17931035,LowFoodAccessPly_68,{03A2E94A-756C-4A15-BD5B-BFEEC3E979E8},,,,,0,0
78,110,-1,0,112,110010022022,1084,472,612,98143.0278286,1367.0338026,1084,472,612,98143.0294047,1.00000002,N,8,4,Ward 4,25130.9943982,23314921.9682,98143,1,1084,612,472,0.43542436,LowFoodAccessPly_69,{7B9D197A-CDC8-4763-B376-86AA5FE40ED3},,,,,0,0
79,37,-1,0,38,110010009012,1688,125,1563,1363863.46769,7901.56328647,1688,125,1563,1363863.46459,1,N,7,3,Ward 3,28342.1673132,28320779.7089,1351430,1,1688,1563,125,0.07405213,LowFoodAccessPly_70,{5CDF2D16-073D-42D4-8912-4FE71D5143E9},,,,,0,0
80,107,-1,0,109,110010022012,1146,310,836,158570.163197,2218.62910933,584,158,426,80765.591092,0.50933662,N,8,4,Ward 4,25130.9943982,23314921.9682,80765.6015625,1,584,426,158,0.27054796,LowFoodAccessPly_83,{95DD7B79-E369-4B3A-B45A-74C23C3E9055},,,,,0,0
81,63,-1,0,64,110010013023,633,169,464,454975.366845,5293.2774482,492,131,360,353361.651079,0.77666106,N,7,3,Ward 3,28342.1673132,28320779.7089,353362,1,492,360,131,0.26626018,LowFoodAccessPly_84,{3FFCD183-F1DA-49F9-9C8A-969135FD75CC},,,,,0,0
82,116,-1,0,121,110010025011,1138,604,534,291453.092197,2001.30510993,316,167,148,80815.3072199,0.2772841,N,8,4,Ward 4,25130.9943982,23314921.9682,80815.296875,1,316,148,167,0.52848101,LowFoodAccessPly_85,{D751F0B9-578B-47A5-A5B4-BB4EF765B2DC},,,,,0,0
83,117,-1,0,122,110010025012,1505,331,1174,227708.482817,2012.02180116,1481,326,1156,224128.547298,0.98427843,N,8,4,Ward 4,25130.9943982,23314921.9682,224129,1,1481,1156,326,0.22012153,LowFoodAccessPly_86,{42D16C2F-6412-489B-ADFB-5EDB47D9CE7B},,,,,0,0
84,46,-1,0,47,110010010016,1145,37,1108,352062.22561,2633.51342724,1145,37,1108,352062.223141,0.99999999,N,7,3,Ward 3,28342.1673132,28320779.7089,352062,1,1145,1108,37,0.03231441,LowFoodAccessPly_87,{1E7223B3-64CA-4D60-8E79-5305E69BF882},,,,,0,0
85,44,-1,0,45,110010010014,1562,83,1479,652582.170686,5236.47268634,1098,58,1039,458600.517158,0.70274754,N,7,3,Ward 3,28342.1673132,28320779.7089,458601,1,1098,1039,58,0.05282332,LowFoodAccessPly_88,{806A6F56-9D42-4C13-AF61-F008E06CF7F6},,,,,0,0
86,56,-1,0,57,110010012003,734,35,699,196052.918908,837.4120334,126,6,120,33565.063884,0.1712041,N,7,3,Ward 3,28342.1673132,28320779.7089,33565.1015625,1,126,120,6,0.04761905,LowFoodAccessPly_89,{AADD3205-2749-455A-92E2-6A1F4AB44B2C},,,,,0,0
87,61,-1,0,62,110010013021,2409,392,2017,315018.784678,3409.317758,1476,240,1236,193056.372381,0.61284083,N,7,3,Ward 3,28342.1673132,28320779.7089,193056,1,1476,1236,240,0.16260162,LowFoodAccessPly_90,{27F52A5C-1852-4EA2-8471-53955AC1A98F},,,,,0,0
88,295,-1,0,368,110010095012,898,486,412,154806.703161,1725.44568036,898,486,412,154806.699159,0.99999997,N,6,4,Ward 5,22893.4048565,26910761.219,154803,1,898,412,486,0.54120266,LowFoodAccessPly_91,{7148CEAE-1AA3-4FF0-98B3-570AEC225F51},,,,,0,0
89,113,-1,0,115,110010023012,1596,408,1188,230750.026988,2329.98301465,1539,394,1146,222549.931698,0.9644633,N,8,4,Ward 4,25130.9943982,23314921.9682,222543,1,1539,1146,394,0.25601038,LowFoodAccessPly_92,{846122C3-7569-4204-A614-489B25D54C9A},,,,,0,0
90,112,-1,0,114,110010023011,1617,215,1402,169810.413532,1553.99569171,587,78,509,61604.186403,0.36278215,N,8,4,Ward 4,25130.9943982,23314921.9682,61603.8984375,1,587,509,78,0.13287905,LowFoodAccessPly_93,{26E5595F-E267-44EF-BE18-6562A7EA1C0A},,,,,0,0
91,290,-1,0,363,110010094001,671,125,546,296179.871854,5332.88158902,665,124,541,293468.357276,0.99084504,N,6,5,Ward 5,22893.4048565,26910761.219,293468,1,665,541,124,0.18646617,LowFoodAccessPly_94,{CDEBC776-EA8A-42ED-BFB4-EF48D547B5B0},,,,,0,0
92,115,-1,0,118,110010024002,1317,204,1113,214042.348137,661.47932208,148,23,125,24092.1672872,0.11255795,N,8,4,Ward 4,25130.9943982,23314921.9682,24092.19921875,1,148,125,23,0.1554054,LowFoodAccessPly_95,{9682210D-DCE2-4E7B-B8D6-F6002D1B9E76},,,,,0,0
93,57,-1,0,58,110010012004,1405,129,1276,647548.525943,3964.05372041,545,50,495,251390.62314,0.38821897,N,7,3,Ward 3,28342.1673132,28320779.7089,251391,1,545,495,50,0.09174312,LowFoodAccessPly_96,{52BABD88-166F-4F83-B2ED-FEB0E36AEF66},,,,,0,0
94,301,-1,0,374,110010095042,1331,212,1119,554986.735766,2982.84720469,998,159,839,416260.698535,0.7500372,N,6,5,Ward 5,22893.4048565,26910761.219,416261,1,998,839,159,0.15931864,LowFoodAccessPly_97,{495510FD-A15E-44E6-9D3F-9F2D67249D86},,,,,0,0
95,38,-1,0,39,110010009013,1402,366,1036,932845.579001,5660.96928186,1402,366,1036,932845.586836,1.00000001,N,7,3,Ward 3,28342.1673132,28320779.7089,932857,1,1402,1036,366,0.26105565,LowFoodAccessPly_98,{CEC62F1E-BEEA-435D-9793-8C62F2A36E20},,,,,0,0
96,296,-1,0,369,110010095013,1428,652,776,887165.89022,4554.67015884,1364,623,741,847559.655792,0.95535645,N,6,5,Ward 5,22893.4048565,26910761.219,847560,1,1364,741,623,0.45674488,LowFoodAccessPly_99,{28F914F2-25FD-4108-A971-F1CFC5269AD6},,,,,0,0
97,114,-1,0,116,110010023021,1425,401,1024,2006546.01486,7623.71481233,1411,397,1014,1987254.49139,0.99038571,N,6,4,Ward 5,22893.4048565,26910761.219,1987220,1,1411,1014,397,0.28136075,LowFoodAccessPly_100,{143FD572-B70C-4EF9-B2B1-D76908B390CD},,,,,0,0
98,298,-1,0,371,110010095032,983,127,856,520598.766879,3454.54790148,835,108,727,442167.441327,0.849344,N,6,5,Ward 5,22893.4048565,26910761.219,442162,1,835,727,108,0.12934132,LowFoodAccessPly_101,{AA86D5DF-C981-4B5B-B084-4748B32B3A9D},,,,,0,0
99,299,-1,0,372,110010095033,665,103,562,201488.740024,940.39565272,102,16,86,30797.9681108,0.15285206,N,6,5,Ward 5,22893.4048565,26910761.219,30798,1,102,86,16,0.15686275,LowFoodAccessPly_102,{D9468733-4576-4F10-80E5-E9507E326D9E},,,,,0,0
100,47,-1,0,48,110010010021,1262,933,329,284086.904079,3210.75570793,1224,905,319,275425.638431,0.96951192,N,7,3,Ward 3,28342.1673132,28320779.7089,275426,1,1224,319,905,0.73937911,LowFoodAccessPly_103,{B8942D96-7AB2-47AE-9548-31ECBD628E9C},,,,,0,0
101,49,-1,0,50,110010010023,928,21,907,226585.014475,3142.89647565,328,7,321,80070.9393422,0.35338144,N,7,3,Ward 3,28342.1673132,28320779.7089,80070.8984375,1,328,321,7,0.02134146,LowFoodAccessPly_104,{DB127570-09C7-443D-B0C8-86710D8EEDA9},,,,,0,0
102,119,-1,0,127,110010026001,1161,120,1041,383382.828754,3225.36242823,1161,120,1041,383382.83787,1.00000002,N,8,4,Ward 4,25130.9943982,23314921.9682,383383,1,1161,1041,120,0.10335917,LowFoodAccessPly_105,{47D8720A-FFAA-4CAC-90F3-FA2CF18F48BF},,,,,0,0
103,23,-1,0,23,110010006004,1673,134,1539,576716.135677,3031.88012812,458,37,421,157739.397198,0.27351306,N,7,3,Ward 3,28342.1673132,28320779.7089,157739,1,458,421,37,0.08078603,LowFoodAccessPly_106,{8A0179CA-08FF-403B-8959-AC6E3683033F},,,,,0,0
104,118,-1,0,126,110010025024,1737,488,1249,119697.878192,2330.01236196,957,269,688,65979.7298123,0.55121888,N,8,4,Ward 4,25130.9943982,23314921.9682,65974.5,1,957,688,269,0.28108674,LowFoodAccessPly_107,{C494D3A1-A976-4645-A5AD-45F1A7C4B123},,,,,0,0
105,293,-1,0,366,110010094004,965,54,911,226493.625195,2386.63447591,965,54,911,226493.628909,1.00000002,N,6,5,Ward 5,22893.4048565,26910761.219,226494,1,965,911,54,0.05595855,LowFoodAccessPly_108,{1E41A788-7310-4175-B2E1-27E198C7AB64},,,,,0,0
106,20,-1,0,20,110010006001,1220,61,1159,145664.2569,1654.23591791,261,13,248,31155.696127,0.21388704,N,7,3,Ward 3,28342.1673132,28320779.7089,31155.69921875,1,261,248,13,0.04980843,LowFoodAccessPly_109,{35217EB4-A019-4234-96B4-D6E4726C06AA},,,,,0,0
107,300,-1,0,373,110010095041,1706,534,1172,427077.998371,1682.11575369,200,63,137,50093.4400715,0.11729342,N,6,5,Ward 5,22893.4048565,26910761.219,50093.3984375,1,200,137,63,0.315,LowFoodAccessPly_110,{5E4A79AA-0EB0-42A2-8068-FD6E42B143BE},,,,,0,0
108,62,-1,0,63,110010013022,4549,476,4073,436926.123461,4683.99413529,1894,198,1696,181950.614201,0.41643336,N,7,3,Ward 3,28342.1673132,28320779.7089,181951,1,1894,1696,198,0.10454065,LowFoodAccessPly_111,{11E250EF-3ECC-42D5-B739-AD2C0EC8728F},,,,,0,0
109,40,-1,0,41,110010009022,1567,46,1521,626101.648039,11068.3445245,1529,45,1484,611045.231334,0.97595212,N,7,3,Ward 3,28342.1673132,28320779.7089,596359,0.97596502,1492,1448,44,0.02949062,LowFoodAccessPly_112,{79DE4994-367B-47DB-BA4A-5A4E302D98EE},,,,,0,0
110,292,-1,0,365,110010094003,1802,615,1187,470867.445743,2709.17464822,1480,505,975,386752.360176,0.82136143,N,6,5,Ward 5,22893.4048565,26910761.219,386752,1,1480,975,505,0.34121621,LowFoodAccessPly_113,{D14CF2B8-DD9C-4B20-8101-AA3041E8B332},,,,,0,0
111,291,-1,0,364,110010094002,1406,496,910,417651.210538,4277.10784799,1406,496,910,417651.202044,0.99999998,N,6,5,Ward 5,22893.4048565,26910761.219,417648,1,1406,910,496,0.35277382,LowFoodAccessPly_114,{8F4A4F09-56A6-4FD2-BA6D-D3A3A85331AB},,,,,0,0
112,123,-1,0,132,110010027014,2071,1280,791,39474.523091,350.16059537,114,70,43,2169.81726619,0.05496754,N,5,4,Ward 1,12925.3847744,6567940.96318,2169.42993164,1,114,43,70,0.61403507,LowFoodAccessPly_115,{84E755BA-C496-419A-B464-848D265DF5D4},,,,,0,0
113,32,-1,0,33,110010008013,2478,410,2068,861217.674089,7823.4693402,2478,410,2068,861206.004184,0.99998645,N,7,3,Ward 3,28342.1673132,28320779.7089,861206,1,2478,2068,410,0.16545601,LowFoodAccessPly_116,{9A38505A-196A-41BB-BCAD-A84DB0DAD49B},,,,,0,0
114,125,-1,0,137,110010028012,2774,1252,1522,105324.603414,886.56725468,1078,486,591,40914.3757706,0.38845981,N,5,4,Ward 1,12925.3847744,6567940.96318,40910.6015625,1,1078,591,486,0.45083487,LowFoodAccessPly_117,{AFD5DA0C-08DB-443A-B1D4-C9F5A0EA9BD4},,,,,0,0
115,128,-1,0,145,110010032001,1015,239,776,93536.8123707,412.5505911,80,19,61,7407.27243013,0.07919099,N,5,5,Ward 1,12925.3847744,6567940.96318,7405.91015625,1,80,61,19,0.2375,LowFoodAccessPly_118,{F6B4DCC0-138D-4A31-8978-2771EFA2741E},,,,,0,0
116,36,-1,0,37,110010009011,1551,143,1408,646041.276646,3380.959478,1551,143,1408,646041.268517,0.99999999,N,7,3,Ward 3,28342.1673132,28320779.7089,646041,1,1551,1408,143,0.09219858,LowFoodAccessPly_71,{48BA8121-3A19-4D3D-82B1-4516EA20CBC7},,,,,0,0
117,21,-1,0,21,110010006002,852,135,717,451515.064333,2116.46956955,330,52,278,175026.694032,0.38764309,N,7,3,Ward 3,28342.1673132,28320779.7089,175027,1,330,278,52,0.15757576,LowFoodAccessPly_72,{313FEA89-5627-48E3-B3C7-0E5A00EBC00A},,,,,0,0
118,122,-1,0,131,110010027013,1018,36,982,113263.674916,1372.66688797,416,15,401,46279.7968078,0.40860229,N,5,1,Ward 1,12925.3847744,6567940.96318,46279.80078125,1,416,401,15,0.03605769,LowFoodAccessPly_73,{AC44A599-EB85-4363-AD51-E8E1D71054C2},,,,,0,0
119,129,-1,0,146,110010032002,1015,448,567,96642.8371882,1078.05606803,629,277,351,59857.1980689,0.61936507,N,5,5,Ward 1,12925.3847744,6567940.96318,59855.1015625,1,629,351,277,0.44038156,LowFoodAccessPly_74,{D5FC366E-D788-43EE-914F-96442086A204},,,,,0,0
120,285,-1,0,358,110010093011,690,150,540,229833.651246,1934.67863429,690,150,540,229833.655555,1.00000002,N,6,5,Ward 5,22893.4048565,26910761.219,229834,1,690,540,150,0.2173913,LowFoodAccessPly_75,{AE565932-EEA0-4996-A9CD-8DC492BFF418},,,,,0,0
121,30,-1,0,31,110010008011,2150,561,1589,148578.363766,2640.10788204,2090,545,1544,144411.213938,0.97195319,N,7,3,Ward 3,28342.1673132,28320779.7089,144411,1,2090,1544,545,0.26076555,LowFoodAccessPly_76,{FAD690EA-71E8-4078-8204-36E0C07E7090},,,,,0,0
122,288,-1,0,361,110010093014,736,125,611,202353.476693,1627.35501819,506,86,420,139127.436357,0.68754656,N,6,5,Ward 5,22893.4048565,26910761.219,139127,1,506,420,86,0.16996047,LowFoodAccessPly_77,{66D0DA49-BFBD-480A-80DB-ACCAD31300F6},,,,,0,0
123,372,-1,0,449,110010111002,2222,679,1543,612699.971824,6104.45035606,2037,623,1415,561753.184149,0.91684872,N,6,5,Ward 5,22893.4048565,26910761.219,561753,1,2037,1415,623,0.30584192,LowFoodAccessPly_78,{C7A3D098-5779-4938-8AAE-7FDF270F984C},,,,,0,0
124,16,-1,0,16,110010005011,1788,244,1544,575768.079074,4944.09279136,1722,235,1487,554545.465605,0.96314034,N,7,3,Ward 3,28342.1673132,28320779.7089,554545,1,1722,1487,235,0.13646922,LowFoodAccessPly_79,{7AF42D5F-BA2A-4155-80A7-78A8DE980569},,,,,0,0
125,31,-1,0,32,110010008012,815,0,815,613063.074731,7706.89311182,496,0,496,373036.787157,0.60848027,N,7,3,Ward 3,28342.1673132,28320779.7089,373037,1,496,496,0,0,LowFoodAccessPly_80,{389426C9-1E68-44FA-AE4F-1CE312372516},,,,,0,0
126,124,-1,0,135,110010027023,1952,387,1565,161654.256791,2483.93243338,253,50,203,20951.4166954,0.12960634,N,5,3,Ward 1,12925.3847744,6567940.96318,20055.80078125,0.95725298,242,194,48,0.19834711,LowFoodAccessPly_81,{A8626C31-2E13-4612-9377-74D160F061B1},,,,,0,0
127,124,-1,0,135,110010027023,1952,387,1565,161654.256791,2483.93243338,253,50,203,20951.4166954,0.12960634,N,7,3,Ward 3,28342.1673132,28320779.7089,895.62298584,0.0427476,11,9,2,0.18181819,LowFoodAccessPly_82,{21273465-1A06-48DD-94D4-3162D876D082},,,,,0,0
128,130,-1,0,147,110010032003,1563,530,1033,126472.121747,1404.93336779,1521,516,1005,123102.241339,0.97335476,N,5,5,Ward 1,12925.3847744,6567940.96318,123100,1,1521,1005,516,0.3392505,LowFoodAccessPly_189,{49DD9F80-2CA0-47E8-A708-F4D786803BE6},,,,,0,0
129,25,-1,0,25,110010007012,1388,142,1246,79807.8799316,1223.24805215,672,69,603,38613.0398873,0.4838249,N,7,3,Ward 3,28342.1673132,28320779.7089,38613,1,672,603,69,0.10267857,LowFoodAccessPly_190,{D2E9B182-2787-4CFA-9368-971D0D26BE4B},,,,,0,0
130,371,-1,0,448,110010111001,1666,614,1052,1431208.0299,7806.69582646,1638,604,1034,1407053.46772,0.98312296,N,6,5,Ward 5,22893.4048565,26910761.219,1407050,1,1638,1034,604,0.36874238,LowFoodAccessPly_191,{D54014E5-1EF2-4986-A0A6-31166231B14C},,,,,0,0
131,281,-1,0,353,110010092011,1887,729,1158,634275.434035,3351.63372089,1002,387,615,336878.413876,0.53112322,N,6,5,Ward 5,22893.4048565,26910761.219,336878,1,1002,615,387,0.38622755,LowFoodAccessPly_192,{E4C32DC1-2687-4A2F-A101-8E7CB3C4D3C2},,,,,0,0
132,39,-1,0,40,110010009021,888,137,751,444078.320012,3237.83957439,872,134,737,435851.514833,0.98147443,N,7,3,Ward 3,28342.1673132,28320779.7089,435852,1,872,737,134,0.15366973,LowFoodAccessPly_193,{5056E910-6B11-4572-A719-80C4F2FCFEBE},,,,,0,0
133,22,-1,0,22,110010006003,753,162,591,169451.983771,285.48128142,15,3,12,3426.99304888,0.02022398,N,7,3,Ward 3,28342.1673132,28320779.7089,3426.98999023,1,15,12,3,0.2,LowFoodAccessPly_194,{076DBBDE-E352-4CB6-B352-9DB053FE08F1},,,,,0,0
134,19,-1,0,19,110010005022,1426,127,1299,146463.936731,2430.34215056,834,74,760,85648.099224,0.58477261,N,7,3,Ward 3,28342.1673132,28320779.7089,85648.1015625,1,834,760,74,0.08872902,LowFoodAccessPly_195,{0E00DFA6-ADE5-4B9D-A754-B2DB50D8BDF0},,,,,0,0
135,127,-1,0,144,110010031001,3350,1191,2159,282137.6944,1844.81463609,454,161,292,38208.2039283,0.13542396,N,5,1,Ward 1,12925.3847744,6567940.96318,38208.19921875,1,454,292,161,0.35462555,LowFoodAccessPly_196,{63815C01-2995-4C87-BD69-682DB7CE81A5},,,,,0,0
136,14,-1,0,14,110010004001,529,51,478,526776.815546,3136.10500776,299,29,270,297859.52948,0.56543781,N,7,3,Ward 3,28342.1673132,28320779.7089,297860,1,299,270,29,0.09698997,LowFoodAccessPly_197,{A3CEDAAD-2847-439E-B318-83CF1FF7986C},,,,,0,0
137,18,-1,0,18,110010005021,1547,74,1473,405003.950724,3818.41403871,1547,74,1473,405003.95827,1.00000002,N,7,3,Ward 3,28342.1673132,28320779.7089,405004,1,1547,1473,74,0.04783452,LowFoodAccessPly_198,{8A858CD3-030F-452B-9336-1C671205CDEB},,,,,0,0
138,286,-1,0,359,110010093012,832,112,720,368854.457851,1955.78366738,370,50,320,163894.152203,0.44433285,N,6,5,Ward 5,22893.4048565,26910761.219,163894,1,370,320,50,0.13513513,LowFoodAccessPly_199,{8AD4D855-FB5F-452C-9773-AE3EECE1ADB9},,,,,0,0
139,276,-1,0,348,110010090001,1563,554,1009,986301.334334,11881.0394418,1102,391,712,695593.396425,0.70525444,N,6,5,Ward 5,22893.4048565,26910761.219,695607,1,1102,712,391,0.35480943,LowFoodAccessPly_200,{DFC6B7E4-C091-4C05-B1F7-986492F8AF4A},,,,,0,0
140,277,-1,0,349,110010090002,1486,486,1000,241098.664377,2403.18013721,1486,486,1000,241098.662963,0.99999999,N,6,5,Ward 5,22893.4048565,26910761.219,241099,1,1486,1000,486,0.3270525,LowFoodAccessPly_201,{6080C171-6614-4E2D-89D4-C025FE120AEF},,,,,0,0
141,131,-1,0,148,110010032004,1390,435,955,122307.973277,1552.69408436,1390,435,955,122307.976456,1.00000003,N,5,5,Ward 1,12925.3847744,6567940.96318,122118,1,1390,955,435,0.31294963,LowFoodAccessPly_128,{6A5679C9-C8A0-4D08-8A8C-FF50230199CD},,,,,0,0
142,26,-1,0,26,110010007013,1614,228,1386,126685.754775,1522.62622675,1614,228,1386,126669.174969,0.99986913,N,7,3,Ward 3,28342.1673132,28320779.7089,126669,1,1614,1386,228,0.14126395,LowFoodAccessPly_129,{708FE79F-307C-4958-B69F-9EC72011C635},,,,,0,0
143,287,-1,0,360,110010093013,946,183,763,299838.010986,2607.71782034,946,183,763,299838.009607,1,N,6,5,Ward 5,22893.4048565,26910761.219,299836,1,946,763,183,0.19344608,LowFoodAccessPly_130,{A1F908D8-0BE0-472E-BF74-32EA4B2DCDBF},,,,,0,0
144,27,-1,0,27,110010007014,982,83,899,163510.115173,1228.09870261,489,41,448,81440.0356215,0.49807338,N,7,3,Ward 3,28342.1673132,28320779.7089,81440,1,489,448,41,0.08384458,LowFoodAccessPly_131,{51B95CAE-08B6-4856-A2B9-FED62B6EA316},,,,,0,0
145,138,-1,0,155,110010034002,1680,378,1302,804825.10387,7798.39596885,1680,378,1302,804825.107619,1,N,5,5,Ward 1,12925.3847744,6567940.96318,778196,0.96691298,1624,1259,365,0.22475369,LowFoodAccessPly_132,{E4771779-619E-498A-B8AD-842FF923B9AA},,,,,0,0
146,138,-1,0,155,110010034002,1680,378,1302,804825.10387,7798.39596885,1680,378,1302,804825.107619,1,N,6,5,Ward 5,22893.4048565,26910761.219,26627.19921875,0.0330845,56,43,13,0.23214285,LowFoodAccessPly_133,{B12FB456-669A-460E-AA26-25E5233FFAB6},,,,,0,0
147,142,-1,0,168,110010039002,1178,194,984,162286.80987,2642.60527501,636,105,532,87666.7765416,0.54019656,N,5,3,Ward 1,12925.3847744,6567940.96318,87078.3984375,1,636,532,105,0.16509435,LowFoodAccessPly_142,{C80B31C4-FE11-498B-870A-B6E47686A1F9},,,,,0,0
148,289,-1,0,362,110010093021,1053,165,888,398256.686293,2892.39925112,493,77,416,186533.013567,0.46837384,N,6,5,Ward 5,22893.4048565,26910761.219,186532,1,493,416,77,0.15618661,LowFoodAccessPly_143,{5AF752CE-4E40-414B-9AA8-81D94FA75D29},,,,,0,0
149,278,-1,0,350,110010091021,915,172,743,251166.399564,2277.59291841,914,172,742,250828.970582,0.99865655,N,6,5,Ward 5,22893.4048565,26910761.219,250829,1,914,742,172,0.18818381,LowFoodAccessPly_144,{DB9A81CD-44B1-4814-AEEF-011222B4EA6B},,,,,0,0
150,15,-1,0,15,110010004002,1049,127,922,870098.208364,7579.91861154,830,100,729,688122.583962,0.79085622,N,7,3,Ward 3,28342.1673132,28320779.7089,688116,1,830,729,100,0.12048193,LowFoodAccessPly_145,{7C8DE7E6-52AD-4561-A1BF-90A0B63BD78F},,,,,0,0
151,139,-1,0,156,110010035001,2104,767,1337,123810.712713,1416.62110762,1954,712,1242,114981.4882,0.92868772,N,5,1,Ward 1,12925.3847744,6567940.96318,114981,1,1954,1242,712,0.36438075,LowFoodAccessPly_146,{B8458B52-8630-4049-ABE4-65123BF467DB},,,,,0,0
152,373,-1,0,450,110010111003,1358,690,668,2705564.2683,19258.5145354,1281,651,630,2552502.50473,0.94342705,N,6,5,Ward 5,22893.4048565,26910761.219,2552490,1,1281,630,651,0.50819671,LowFoodAccessPly_147,{126D6562-0029-407B-A0CD-8005C8382E2F},,,,,0,0
153,282,-1,0,354,110010092031,1153,434,719,366671.289044,2538.12700066,934,352,583,297174.419468,0.81046547,N,6,5,Ward 5,22893.4048565,26910761.219,297174,1,934,583,352,0.37687367,LowFoodAccessPly_148,{872F0114-ABF1-4800-BF7D-D77376C5A777},,,,,0,0
154,132,-1,0,149,110010033011,1417,237,1180,249714.186063,2397.38902326,1417,237,1180,249714.183446,0.99999999,N,6,5,Ward 5,22893.4048565,26910761.219,249710,1,1417,1180,237,0.16725476,LowFoodAccessPly_149,{647C3414-8491-4377-8094-B3D452A94C4E},,,,,0,0
155,29,-1,0,30,110010007023,999,30,969,76972.7209868,727.89325165,268,8,260,20638.4001061,0.26812616,N,7,3,Ward 3,28342.1673132,28320779.7089,20638.40039063,1,268,260,8,0.02985075,LowFoodAccessPly_150,{706757C7-B880-41D5-A157-9B5DEA7E34C9},,,,,0,0
156,17,-1,0,17,110010005012,1667,171,1496,186696.829714,3005.13358256,1667,171,1496,186696.825505,0.99999998,N,7,3,Ward 3,28342.1673132,28320779.7089,186696,1,1667,1496,171,0.10257948,LowFoodAccessPly_151,{6072F835-8269-49B9-A3A8-D86F32DFD072},,,,,0,0
157,28,-1,0,28,110010007021,1409,226,1183,112113.891641,1707.96178468,1224,196,1028,97407.3569845,0.86882505,N,7,3,Ward 3,28342.1673132,28320779.7089,97407.3984375,1,1224,1028,196,0.16013072,LowFoodAccessPly_152,{2E6B6181-0341-49D2-A3CA-2869E0AC042F},,,,,0,0
158,141,-1,0,160,110010036003,1828,785,1043,155997.913458,551.19288009,129,56,74,11040.1533634,0.07077116,N,5,1,Ward 1,12925.3847744,6567940.96318,11040.20019531,1,129,74,56,0.43410853,LowFoodAccessPly_153,{BA826B00-1BDC-44F6-AAB4-8104454F23B8},,,,,0,0
159,279,-1,0,351,110010091022,2351,1056,1295,1435554.81648,7372.33551886,1116,501,615,681460.391594,0.47470176,N,6,5,Ward 5,22893.4048565,26910761.219,681460,1,1116,615,501,0.44892472,LowFoodAccessPly_154,{185BAC03-DD41-4D49-94D9-F63A32FB4654},,,,,0,0
160,280,-1,0,352,110010091023,1937,981,956,143658.323708,2067.29811397,1665,843,822,123477.142575,0.85951958,N,6,5,Ward 5,22893.4048565,26910761.219,123479,1,1665,822,843,0.50630629,LowFoodAccessPly_155,{AA488E49-11F9-49A1-9EC4-020EFFB4706E},,,,,0,0
161,140,-1,0,157,110010035002,944,383,561,203638.098502,3362.57832188,554,225,329,119515.582623,0.58690188,N,5,1,Ward 1,12925.3847744,6567940.96318,119516,1,554,329,225,0.4061372,LowFoodAccessPly_156,{8CA478BF-DEAE-41CA-ABFB-3E48830D6FDB},,,,,0,0
162,284,-1,0,357,110010092042,1769,1327,442,179590.927825,1141.94855884,560,420,140,56887.5440949,0.31676179,N,6,5,Ward 5,22893.4048565,26910761.219,56887.5,1,560,140,420,0.75,LowFoodAccessPly_157,{E47961D0-0338-4DF3-9F2A-F9D4CB2E986B},,,,,0,0
163,11,-1,0,11,110010003002,1486,268,1218,118997.611931,1296.22094822,1326,239,1086,106145.54217,0.89199725,N,7,3,Ward 3,28342.1673132,28320779.7089,106146,1,1326,1086,239,0.18024133,LowFoodAccessPly_158,{44B9D50F-C4A2-4C79-89EE-0784B7F6F1DB},,,,,0,0
164,12,-1,0,12,110010003003,1593,625,968,346801.680449,4194.66341515,1394,547,847,303521.556516,0.87520209,N,7,3,Ward 3,28342.1673132,28320779.7089,21683.59960938,0.0714401,100,61,39,0.38999999,LowFoodAccessPly_159,{2438B052-D5CE-44BD-848E-08CE5672A8AF},,,,,0,0
165,134,-1,0,151,110010033013,968,62,906,84233.6557945,1347.22522544,968,62,906,84233.6542661,0.99999998,N,6,5,Ward 5,22893.4048565,26910761.219,84229.203125,1,968,906,62,0.06404959,LowFoodAccessPly_160,{F01A9904-F2E0-484E-8E4D-08D93265F625},,,,,0,0
166,13,-1,0,13,110010003004,1842,169,1673,163748.957453,653.53418422,220,20,200,19584.5894084,0.11960131,N,7,3,Ward 3,28342.1673132,28320779.7089,19584.59960938,1,220,200,20,0.09090909,LowFoodAccessPly_161,{94488532-D013-4834-AF38-AD10739085E1},,,,,0,0
167,33,-1,0,34,110010008014,706,110,596,406711.04191,2715.65309526,121,19,102,69908.0812212,0.17188636,N,7,3,Ward 3,28342.1673132,28320779.7089,69908.1015625,1,121,102,19,0.1570248,LowFoodAccessPly_162,{0FC88CAB-5248-440B-936F-91818293A0C3},,,,,0,0
168,265,-1,0,335,110010087021,1262,496,766,226177.114962,2225.96048753,785,308,476,140629.945987,0.62176912,N,6,5,Ward 5,22893.4048565,26910761.219,140630,1,785,476,308,0.39235669,LowFoodAccessPly_163,{EBF4D1FC-A909-4592-80FC-6CCC743F660E},,,,,0,0
169,283,-1,0,355,110010092032,1453,266,1187,219792.116733,1415.72159544,474,87,387,71718.2162399,0.32630022,N,6,5,Ward 5,22893.4048565,26910761.219,71718.203125,1,474,387,87,0.18354431,LowFoodAccessPly_164,{94BF9129-EED7-40E2-A40C-F532D45F6E3B},,,,,0,0
170,137,-1,0,154,110010034001,1104,455,649,104782.32578,1451.6978701,1104,455,649,104782.334262,1.00000008,N,5,5,Ward 1,12925.3847744,6567940.96318,104781,1,1104,649,455,0.41213769,LowFoodAccessPly_165,{5416FF48-30B8-45DF-B9D4-659C65CF28CE},,,,,0,0
171,35,-1,0,36,110010008022,1273,327,946,400855.140939,6552.72407556,1273,327,946,400843.309703,0.99997049,N,7,3,Ward 3,28342.1673132,28320779.7089,385450,0.96159798,1224,910,314,0.25653595,LowFoodAccessPly_166,{D2FCB552-DC94-438F-90BE-2B8F392C82B9},,,,,0,0
172,2,-1,0,1,110010001001,1410,51,1359,548922.955209,5686.0907882,951,34,917,370307.23907,0.67460695,N,7,3,Ward 3,28342.1673132,28320779.7089,6421.33984375,0.0173406,16,16,1,0.0625,LowFoodAccessPly_167,{2E39D674-868F-4C8A-9746-DF09919F3473},,,,,0,0
173,145,-1,0,178,110010041002,729,102,627,207265.951809,2062.18463553,531,74,456,150840.38286,0.72776248,N,4,2,Ward 2,29545.8038865,22492798.344,150840,1,531,456,74,0.1393597,LowFoodAccessPly_168,{465D0296-4A21-4416-8D26-10AF95974E16},,,,,0,0
174,264,-1,0,334,110010087012,983,312,671,117284.034975,1493.79243561,983,312,671,117284.033782,0.99999999,N,6,5,Ward 5,22893.4048565,26910761.219,117284,1,983,671,312,0.31739572,LowFoodAccessPly_169,{F5F62FB8-D284-4F58-AEDB-B1054BC54B0A},,,,,0,0
175,2,-1,0,1,110010001001,1410,51,1359,548922.955209,5686.0907882,951,34,917,370307.23907,0.67460695,N,4,3,Ward 2,29545.8038865,22492798.344,363886,0.98266,935,901,33,0.03529412,LowFoodAccessPly_170,{E8050F26-0D42-4A30-81A5-00FC5B192FEC},,,,,0,0
176,312,-1,0,385,110010096011,2199,1195,1004,740146.847448,7991.27051777,2199,1195,1004,740146.870951,1.00000003,N,3,5,Ward 7,22345.2269165,22818182.5566,739527,1,2199,1004,1195,0.54342884,LowFoodAccessPly_171,{47BB5343-107B-4F02-92CA-4FB28DB3448B},,,,,0,0
177,133,-1,0,150,110010033012,1234,170,1064,105663.059926,1463.26321368,1234,170,1064,105663.050292,0.99999991,N,6,5,Ward 5,22893.4048565,26910761.219,105661,1,1234,1064,170,0.13776337,LowFoodAccessPly_172,{E39D7E66-5BC7-4F0B-ADCC-6E60DE3FA8EA},,,,,0,0
178,148,-1,0,186,110010044001,3495,506,2989,242410.488248,165.31200433,15,2,13,1052.58559189,0.00434216,N,5,1,Ward 1,12925.3847744,6567940.96318,1052.58996582,1,15,13,2,0.13333334,LowFoodAccessPly_173,{B4F68362-70CA-4996-8B40-0AC8EA53D38C},,,,,0,0
179,12,-1,0,12,110010003003,1593,625,968,346801.680449,4194.66341515,1394,547,847,303521.556516,0.87520209,N,4,3,Ward 2,29545.8038865,22492798.344,281838,0.92856002,1294,786,508,0.39258114,LowFoodAccessPly_174,{0088A019-63E5-4DAB-A245-C04628F9F03B},,,,,0,0
180,146,-1,0,179,110010041003,716,61,655,279285.668715,4264.7103446,716,61,655,279285.671043,1.00000001,N,4,2,Ward 2,29545.8038865,22492798.344,279285,1,716,655,61,0.08519553,LowFoodAccessPly_175,{D470C80C-BCDD-435C-A2AA-01D8C83B161D},,,,,0,0
181,149,-1,0,187,110010044002,2200,418,1782,270822.400627,989.14888187,211,40,171,26009.0735458,0.09603738,N,5,1,Ward 1,12925.3847744,6567940.96318,26009.09960938,1,211,171,40,0.18957347,LowFoodAccessPly_176,{A7F2CDCE-C143-4C28-8230-3E30C912AE46},,,,,0,0
182,135,-1,0,152,110010033021,1219,248,971,104899.950031,1501.36129447,1219,248,971,104899.952104,1.00000002,N,6,5,Ward 5,22893.4048565,26910761.219,104900,1,1219,971,248,0.20344545,LowFoodAccessPly_177,{411DB02E-7D9E-4711-AF32-F04B9A674A84},,,,,0,0
183,144,-1,0,177,110010041001,1314,40,1274,93364.1131275,1539.84834063,885,27,858,62887.441064,0.67357188,N,4,1,Ward 2,29545.8038865,22492798.344,62886.6015625,1,885,858,27,0.03050848,LowFoodAccessPly_178,{E4CDB9E6-C4B9-4AF5-8380-5A0CD11D1459},,,,,0,0
184,34,-1,0,35,110010008021,1880,230,1650,653326.084548,7210.86097547,1532,187,1345,532412.534683,0.81492619,N,7,3,Ward 3,28342.1673132,28320779.7089,532306,1,1532,1345,187,0.12206266,LowFoodAccessPly_179,{D19CF32C-3494-4EA1-9EF1-03D915939034},,,,,0,0
185,152,-1,0,193,110010048011,2215,420,1795,294055.122257,1000.03871387,123,23,100,16364.2237277,0.05565019,N,5,1,Ward 1,12925.3847744,6567940.96318,3767.19995117,0.23021001,28,23,5,0.17857143,LowFoodAccessPly_180,{E5F284BE-BB88-4480-B187-1078C9072281},,,,,0,0
186,152,-1,0,193,110010048011,2215,420,1795,294055.122257,1000.03871387,123,23,100,16364.2237277,0.05565019,N,2,1,Ward 6,24157.9774348,16064916.7222,12597,0.76978898,95,77,18,0.18947369,LowFoodAccessPly_181,{FC6E40DF-0B6A-42DB-A836-C9C58A6C8FDB},,,,,0,0
187,266,-1,0,336,110010087022,668,182,486,248210.840797,1760.31486184,391,107,285,145347.909269,0.58558244,N,6,5,Ward 5,22893.4048565,26910761.219,145348,1,391,285,107,0.27365729,LowFoodAccessPly_182,{0D0A8104-6B39-49CA-9374-8307E3676B85},,,,,0,0
188,263,-1,0,333,110010087011,1320,223,1097,254101.281115,2403.33842489,978,165,813,188290.169738,0.74100441,N,6,5,Ward 5,22893.4048565,26910761.219,188290,1,978,813,165,0.16871166,LowFoodAccessPly_183,{FFE062FD-2B9E-46EC-9F13-90C46BE51A87},,,,,0,0
189,143,-1,0,176,110010040023,660,101,559,69921.3258471,378.17177517,45,7,38,4764.33202647,0.06813847,N,5,1,Ward 1,12925.3847744,6567940.96318,4762.31982422,1,45,38,7,0.15555556,LowFoodAccessPly_184,{7007D42C-AEAE-4B44-AFE5-4A2967D3BCDB},,,,,0,0
190,35,-1,0,36,110010008022,1273,327,946,400855.140939,6552.72407556,1273,327,946,400843.309703,0.99997049,N,4,3,Ward 2,29545.8038865,22492798.344,15393.59960938,0.038403,49,36,13,0.26530612,LowFoodAccessPly_185,{476C8DFC-69EE-4320-A7EE-9D3AF45AEB4E},,,,,0,0
191,147,-1,0,183,110010042022,1324,68,1256,95251.0313895,390.34632295,90,5,85,6463.74309662,0.06786009,N,4,1,Ward 2,29545.8038865,22492798.344,6462.95019531,1,90,85,5,0.05555556,LowFoodAccessPly_186,{13A2AAA3-0B81-47CA-B3C2-6F5D9162EE76},,,,,0,0
192,273,-1,0,343,110010088042,1487,745,742,667822.706666,3762.75105732,1013,507,505,454747.282923,0.68094013,N,6,5,Ward 5,22893.4048565,26910761.219,454747,1,1013,505,507,0.50049359,LowFoodAccessPly_187,{9045C7D8-0984-4425-96C0-B2EEC8044BD4},,,,,0,0
193,151,-1,0,189,110010046002,1902,234,1668,281195.457517,2551.5713814,1001,123,878,148051.619897,0.52650786,N,6,5,Ward 5,22893.4048565,26910761.219,148049,1,1001,878,123,0.12287712,LowFoodAccessPly_188,{90056DC4-9D14-4045-A71B-1C8D8AA16F32},,,,,0,0
194,154,-1,0,214,110010055001,721,68,653,141154.183092,1616.17948439,234,22,212,45876.2097735,0.32500779,N,4,1,Ward 2,29545.8038865,22492798.344,45876.19921875,1,234,212,22,0.0940171,LowFoodAccessPly_134,{40E18BD2-0F91-488D-8154-B260C06F91EC},,,,,0,0
195,10,-1,0,10,110010003001,1174,202,972,232277.568956,383.60547625,23,4,19,4510.96374349,0.01942057,N,4,2,Ward 2,29545.8038865,22492798.344,4510.95996094,1,23,19,4,0.17391305,LowFoodAccessPly_135,{01609CC2-65A6-4001-A091-6AD62B267ED3},,,,,0,0
196,153,-1,0,196,110010049011,1342,749,593,85262.0690037,381.05444426,70,39,31,4458.98472572,0.0522974,N,2,1,Ward 6,24157.9774348,16064916.7222,4456.31982422,1,70,31,39,0.55714285,LowFoodAccessPly_136,{AAA434DC-9B1C-4093-9DE9-BECF96140357},,,,,0,0
197,136,-1,0,153,110010033022,1119,225,894,91932.1449664,1491.11038604,1058,213,845,86933.5195408,0.94562701,N,6,5,Ward 5,22893.4048565,26910761.219,86933.5,1,1058,845,213,0.20132326,LowFoodAccessPly_137,{8BBC2278-C4A5-4A9F-AEEA-5400CA40E522},,,,,0,0
198,271,-1,0,341,110010088031,1331,917,414,1057811.79185,6082.79939759,829,571,258,658678.035275,0.6226798,N,6,5,Ward 5,22893.4048565,26910761.219,658664,1,829,258,571,0.68878168,LowFoodAccessPly_138,{36C38BA3-662E-4092-8D05-14251585A69C},,,,,0,0
199,6,-1,0,5,110010002011,80,62,18,482543.710694,3227.58909552,76,59,17,458813.039802,0.95082172,N,4,3,Ward 2,29545.8038865,22492798.344,447233,0.97476101,74,17,58,0.78378379,LowFoodAccessPly_139,{02C63130-C68F-4EE3-92A1-8A82C4644EBD},,,,,0,0
200,7,-1,0,6,110010002021,1208,262,946,188741.293223,665.96809978,141,31,110,22002.6581733,0.11657575,N,4,2,Ward 2,29545.8038865,22492798.344,22002.69921875,1,141,110,31,0.21985815,LowFoodAccessPly_140,{B5BB3D0D-2FE1-45B7-BAB4-250FA382C8C9},,,,,0,0
201,150,-1,0,188,110010046001,1036,321,715,138766.223752,1128.90795805,308,95,212,41197.4413601,0.29688378,N,6,5,Ward 5,22893.4048565,26910761.219,41197.3984375,1,308,212,95,0.30844155,LowFoodAccessPly_141,{D20D17AC-B168-4B05-9506-25653FC21443},,,,,0,0
202,6,-1,0,5,110010002011,80,62,18,482543.710694,3227.58909552,76,59,17,458813.039802,0.95082172,N,7,3,Ward 3,28342.1673132,28320779.7089,11580.5,0.0252401,2,0,1,0.5,LowFoodAccessPly_266,{D0FAA89A-FF7B-401C-9F41-80B1CC561CA2},,,,,0,0
203,8,-1,0,7,110010002022,752,52,700,125265.173964,449.6085706,56,4,52,9390.53865034,0.07496528,N,4,2,Ward 2,29545.8038865,22492798.344,9390.54003906,1,56,52,4,0.07142857,LowFoodAccessPly_267,{E400881A-791A-4357-AD2E-53003AD53E23},,,,,0,0
204,3,-1,0,2,110010001002,1367,99,1268,128634.545529,1762.52304145,1029,75,955,96839.011393,0.75282274,N,4,2,Ward 2,29545.8038865,22492798.344,96839,1,1029,955,75,0.0728863,LowFoodAccessPly_268,{A568571C-A488-4395-8EF4-61DA80BB7379},,,,,0,0
205,4,-1,0,3,110010001003,1209,52,1157,194329.657029,1686.61982351,810,35,775,130224.346441,0.67012081,N,4,2,Ward 2,29545.8038865,22492798.344,130224,1,810,775,35,0.04320988,LowFoodAccessPly_269,{2CA8E45B-588E-4839-AC36-FE43D03706B6},,,,,0,0
206,236,-1,0,303,110010078061,1127,468,659,296251.017655,2675.63339279,1127,468,659,296251.01739,1,N,3,7,Ward 7,22345.2269165,22818182.5566,296251,1,1127,659,468,0.41526175,LowFoodAccessPly_270,{8495D1E8-8F16-41EE-8BFE-C7E5E7F16969},,,,,0,0
207,237,-1,0,304,110010078062,947,581,366,369983.123114,3651.48612744,947,581,366,369983.146269,1.00000006,N,3,7,Ward 7,22345.2269165,22818182.5566,369983,1,947,366,581,0.61351639,LowFoodAccessPly_271,{024B81BF-656E-4DBF-8874-CB54B217157D},,,,,0,0
208,157,-1,0,217,110010055004,856,294,562,49845.6524169,858.05411287,798,274,524,46453.6108674,0.9319491,N,4,2,Ward 2,29545.8038865,22492798.344,46453.6015625,1,798,524,274,0.3433584,LowFoodAccessPly_272,{33D3A4A6-FBC7-4F63-A923-9675F3B13AD3},,,,,0,0
209,158,-1,0,218,110010055005,663,172,491,45637.2637639,696.78090035,369,96,274,25425.1258404,0.55711328,N,4,2,Ward 2,29545.8038865,22492798.344,25425.09960938,1,369,274,96,0.26016259,LowFoodAccessPly_273,{A5619B15-D7A4-4620-B1B1-10DA913067F3},,,,,0,0
210,155,-1,0,215,110010055002,2613,439,2174,142910.699994,650.99053047,117,20,97,6390.55503635,0.04471712,N,4,2,Ward 2,29545.8038865,22492798.344,6390.56005859,1,117,97,20,0.17094018,LowFoodAccessPly_274,{4255C2F4-722A-4FDF-984E-1F74B575E42A},,,,,0,0
211,272,-1,0,342,110010088041,929,249,680,97697.6844119,1594.2612331,868,233,635,91264.1683798,0.93414874,N,6,5,Ward 5,22893.4048565,26910761.219,91264.1015625,1,868,635,233,0.26843318,LowFoodAccessPly_275,{DCE4428C-54D3-4FE8-81A5-E7E752E4D7B3},,,,,0,0
212,9,-1,0,9,110010002024,1089,549,540,219018.706107,1806.4899263,179,90,89,35920.8479279,0.16400813,N,4,2,Ward 2,29545.8038865,22492798.344,35920.80078125,1,179,89,90,0.50279331,LowFoodAccessPly_276,{A3B4CAD3-19C0-4A43-863D-FF4C2B55BF80},,,,,0,0
213,314,-1,0,387,110010096022,1875,1555,320,465434.128377,8292.33636345,1875,1555,320,465434.144503,1.00000003,N,3,7,Ward 7,22345.2269165,22818182.5566,465434,1,1875,320,1555,0.82933331,LowFoodAccessPly_277,{2590DAE3-7BFF-4A6A-9725-2CB96A4C6035},,,,,0,0
214,364,-1,0,438,110010107002,999,200,799,249093.308384,1650.35393021,318,64,254,79236.5680593,0.31809995,N,4,2,Ward 2,29545.8038865,22492798.344,79236.6015625,1,318,254,64,0.20125785,LowFoodAccessPly_278,{05861214-6F81-4CB6-8C38-765676A728D8},,,,,0,0
215,270,-1,0,340,110010088024,1211,440,771,92834.1866847,1298.82864196,1192,433,759,91411.9058343,0.98467934,N,6,5,Ward 5,22893.4048565,26910761.219,91411.8984375,1,1192,759,433,0.36325502,LowFoodAccessPly_279,{5D108924-6F79-4D86-A01C-F8CFEF5E20E2},,,,,0,0
216,5,-1,0,4,110010001004,1202,141,1061,301575.87367,920.86168222,61,7,54,15333.9153984,0.05084596,N,4,2,Ward 2,29545.8038865,22492798.344,15333.90039063,1,61,54,7,0.1147541,LowFoodAccessPly_280,{C5F65950-4B72-43E9-B1C8-06FE466D66EC},,,,,0,0
217,361,-1,0,435,110010106002,4028,599,3429,1023561.45278,1447.50167858,152,23,129,38508.1902469,0.03762177,N,2,6,Ward 6,24157.9774348,16064916.7222,38508.19921875,1,152,129,23,0.15131579,LowFoodAccessPly_202,{490A780B-5354-476D-B4E3-9A2D252883C6},,,,,0,0
218,156,-1,0,216,110010055003,1535,389,1146,155403.531044,399.10519409,30,8,22,3017.90286228,0.01941978,N,4,2,Ward 2,29545.8038865,22492798.344,3017.89990234,1,30,22,8,0.26666668,LowFoodAccessPly_203,{07B33D3E-9EB4-4E77-8515-6C6B77EB6E56},,,,,0,0
219,269,-1,0,339,110010088023,1427,425,1002,173621.374424,2113.38420567,1385,412,972,168474.03819,0.9703531,N,6,5,Ward 5,22893.4048565,26910761.219,168472,1,1385,972,412,0.29747292,LowFoodAccessPly_204,{86AE8A48-8877-47D5-BACE-B8301993E5C0},,,,,0,0
220,267,-1,0,337,110010088021,494,141,353,68363.6764335,411.93247003,56,16,40,7780.8527719,0.1138156,N,6,5,Ward 5,22893.4048565,26910761.219,7780.85009766,1,56,40,16,0.2857143,LowFoodAccessPly_205,{6629BE04-657B-42E8-B292-DEAB6BF228A8},,,,,0,0
221,360,-1,0,434,110010106001,936,364,572,77570.1959546,1190.26672865,724,281,442,59971.9241667,0.77313101,N,2,5,Ward 6,24157.9774348,16064916.7222,59969.5,1,724,442,281,0.38812155,LowFoodAccessPly_206,{1FAB0F50-FB4A-430E-9D6D-63970F49CD4B},,,,,0,0
222,363,-1,0,437,110010107001,706,267,439,626068.490626,3147.84645212,368,139,229,326145.818923,0.52094271,N,4,2,Ward 2,29545.8038865,22492798.344,326146,1,368,229,139,0.37771741,LowFoodAccessPly_221,{C20D7E20-E0B8-4B99-9EA5-9FA7E08B19FA},,,,,0,0
223,274,-1,0,345,110010089032,1112,715,397,79181.7544329,765.57623136,111,71,40,7884.39600194,0.09957339,N,6,5,Ward 5,22893.4048565,26910761.219,7884.39990234,1,111,40,71,0.63963962,LowFoodAccessPly_222,{5123E74F-A277-4D08-B58A-B2A38FDC0D73},,,,,0,0
224,313,-1,0,386,110010096021,1582,1067,515,465411.141311,3700.56842784,1477,996,481,434399.433883,0.93336707,N,3,7,Ward 7,22345.2269165,22818182.5566,434399,1,1477,481,996,0.67433989,LowFoodAccessPly_223,{2A3D9C63-A7E1-416D-84ED-041C19C45510},,,,,0,0
225,350,-1,0,424,110010101002,723,127,596,183680.59289,1510.22575324,315,55,260,80054.7835216,0.43583692,N,4,2,Ward 2,29545.8038865,22492798.344,80054.796875,1,315,260,55,0.17460318,LowFoodAccessPly_224,{D66FC6B8-BE10-4778-AF3E-0AE94A091D0D},,,,,0,0
226,239,-1,0,306,110010078072,882,314,568,277337.188117,2879.3296178,882,314,568,277337.193575,1.00000002,N,3,7,Ward 7,22345.2269165,22818182.5566,277337,1,882,568,314,0.35600907,LowFoodAccessPly_225,{239527D7-CFD9-407F-B008-A9CA977DEE58},,,,,0,0
227,243,-1,0,310,110010078091,1820,876,944,255886.816159,2143.961173,1820,876,944,255886.813687,0.99999999,N,3,7,Ward 7,22345.2269165,22818182.5566,255887,1,1820,944,876,0.48131868,LowFoodAccessPly_226,{D8B827CB-1087-4BF8-A783-D7056FFFCC2E},,,,,0,0
228,262,-1,0,332,110010084101,1341,177,1164,219299.706129,2052.37903419,1138,150,988,186126.013735,0.84872897,N,2,5,Ward 6,24157.9774348,16064916.7222,186120,1,1138,988,150,0.13181019,LowFoodAccessPly_227,{BEC7F255-F2C7-489E-9FED-859856CA9187},,,,,0,0
229,362,-1,0,436,110010106003,819,253,566,118190.93259,618.90786425,114,35,79,16426.8519707,0.13898572,N,2,6,Ward 6,24157.9774348,16064916.7222,16426.90039063,1,114,79,35,0.30701753,LowFoodAccessPly_228,{2A88DD9E-F195-47D4-BB12-FD6F84E5E4B6},,,,,0,0
230,349,-1,0,423,110010101001,1841,293,1548,358795.912419,2579.09334781,778,124,654,151639.199974,0.42263358,N,4,2,Ward 2,29545.8038865,22492798.344,151639,1,778,654,124,0.15938303,LowFoodAccessPly_229,{5B1D509F-5CE3-4BF4-B03C-F68E2EDD6C32},,,,,0,0
231,275,-1,0,346,110010089041,1882,958,924,282169.012405,1588.34795167,571,291,280,85647.035965,0.30353098,N,6,5,Ward 5,22893.4048565,26910761.219,85645.8984375,1,571,280,291,0.50963223,LowFoodAccessPly_230,{6D2CD6CE-D702-4D16-9731-94A6AA04DB3B},,,,,0,0
232,268,-1,0,338,110010088022,1456,765,691,129814.736696,505.44775974,136,71,64,12106.6393935,0.0932609,N,6,5,Ward 5,22893.4048565,26910761.219,12105.70019531,1,136,64,71,0.52205884,LowFoodAccessPly_231,{C4841F92-A49F-4653-8B5F-4FB0C6A9B304},,,,,0,0
233,244,-1,0,311,110010078092,974,403,571,279265.250731,2460.83807433,974,403,571,279265.246841,0.99999999,N,3,7,Ward 7,22345.2269165,22818182.5566,279265,1,974,571,403,0.41375771,LowFoodAccessPly_232,{061EF84D-6395-4DCC-8B30-A43C0FACB357},,,,,0,0
234,229,-1,0,296,110010078031,832,215,617,286975.662534,5757.07063779,571,148,424,196991.545928,0.6864399,N,3,7,Ward 7,22345.2269165,22818182.5566,196989,1,571,424,148,0.2591944,LowFoodAccessPly_233,{C0DDA5DE-1ABA-46B9-A5CF-EA75B69CB536},,,,,0,0
235,238,-1,0,305,110010078071,1428,578,850,242392.114843,2317.39195004,1428,578,850,242392.112134,0.99999999,N,3,7,Ward 7,22345.2269165,22818182.5566,242392,1,1428,850,578,0.40476191,LowFoodAccessPly_234,{4DB2975A-0C1D-4359-8E21-50BDB1208136},,,,,0,0
236,161,-1,0,223,110010058001,1000,49,951,632863.037201,6182.72414213,841,41,800,532421.404549,0.84129009,N,4,2,Ward 2,29545.8038865,22492798.344,532421,1,841,800,41,0.04875148,LowFoodAccessPly_235,{0C98E510-7793-4101-BF03-A7279A4C619E},,,,,0,0
237,233,-1,0,300,110010078041,689,271,418,230418.142465,5624.71237876,689,271,418,230418.162175,1.00000009,N,3,7,Ward 7,22345.2269165,22818182.5566,230421,1,689,418,271,0.39332366,LowFoodAccessPly_236,{10D95229-D17F-4BDA-95BA-10F049807652},,,,,0,0
238,164,-1,0,226,110010062021,117,0,117,1908992.29538,33491.8648331,108,0,108,1761788.01556,0.92288901,N,4,2,Ward 2,29545.8038865,22492798.344,1101470,0.62519997,68,68,0,0,LowFoodAccessPly_237,{34DEBF70-A21B-47BB-A6EF-A97CF6A94B51},,,,,0,0
239,260,-1,0,330,110010084021,1127,51,1076,131361.489497,1804.59857968,919,42,878,107137.774185,0.815595,N,2,6,Ward 6,24157.9774348,16064916.7222,107138,1,919,878,42,0.04570185,LowFoodAccessPly_238,{393C3648-709C-4AA2-A2BF-8ADBFEF7EF88},,,,,0,0
240,261,-1,0,331,110010084022,990,302,688,126242.313381,1936.76162039,835,255,580,106495.019501,0.84357627,N,2,6,Ward 6,24157.9774348,16064916.7222,106495,1,835,580,255,0.30538923,LowFoodAccessPly_239,{AD012066-454E-4B39-A2EA-9062E1985391},,,,,0,0
241,159,-1,0,220,110010056002,1236,317,919,162988.251888,722.77323742,116,30,86,15249.4544025,0.09356168,N,4,2,Ward 2,29545.8038865,22492798.344,15249.5,1,116,86,30,0.25862068,LowFoodAccessPly_240,{FF376C82-B339-4820-8296-B721B45CCD07},,,,,0,0
242,365,-1,0,440,110010108002,661,377,284,397577.035703,3333.25530834,442,252,190,265774.36629,0.66848521,N,4,2,Ward 2,29545.8038865,22492798.344,265774,1,442,190,252,0.57013577,LowFoodAccessPly_241,{491956A5-050F-47F6-8B69-C02131D33FE0},,,,,0,0
243,162,-1,0,224,110010058002,1781,473,1308,225054.524597,2414.15244589,929,247,682,117365.389982,0.52149758,N,4,2,Ward 2,29545.8038865,22492798.344,117365,1,929,682,247,0.26587728,LowFoodAccessPly_242,{EAD03488-1F5B-441E-953A-36F58F0948B5},,,,,0,0
244,248,-1,0,317,110010080011,1040,19,1021,85008.9563607,1337.38454228,599,11,588,48950.0072242,0.57582176,N,2,6,Ward 6,24157.9774348,16064916.7222,48950,1,599,588,11,0.01836394,LowFoodAccessPly_243,{B2480C50-F750-4E39-AB04-AA42C342174F},,,,,0,0
245,259,-1,0,329,110010083021,2267,321,1946,257549.275401,2266.26831749,1369,194,1175,155473.012597,0.60366317,N,2,6,Ward 6,24157.9774348,16064916.7222,155473,1,1369,1175,194,0.14170928,LowFoodAccessPly_244,{573D3BD2-3E3D-4363-87C5-BEC1D01753D9},,,,,0,0
246,234,-1,0,301,110010078042,1175,708,467,276803.450137,4384.75340713,1175,708,467,276803.454849,1.00000002,N,3,7,Ward 7,22345.2269165,22818182.5566,276796,1,1175,467,708,0.60255319,LowFoodAccessPly_245,{20CF07FF-8F5F-4B53-B65D-5D2C4E83B811},,,,,0,0
247,232,-1,0,299,110010078034,1286,663,623,201150.370087,1832.61366702,870,449,422,136106.067926,0.67663842,N,3,7,Ward 7,22345.2269165,22818182.5566,136106,1,870,422,449,0.51609194,LowFoodAccessPly_246,{5BC63866-F538-4782-806D-8B6EB1927841},,,,,0,0
248,230,-1,0,297,110010078032,630,292,338,137964.580511,1524.22292144,630,292,338,137964.58355,1.00000002,N,3,7,Ward 7,22345.2269165,22818182.5566,137965,1,630,338,292,0.46349207,LowFoodAccessPly_247,{EBE5740C-61AA-44F5-890F-F19F6FD59644},,,,,0,0
249,247,-1,0,316,110010079031,1809,658,1151,242539.258895,1903.26366371,1107,403,704,148366.592998,0.61172197,N,3,5,Ward 7,22345.2269165,22818182.5566,148360,1,1107,704,403,0.36404696,LowFoodAccessPly_248,{24886261-D2F0-418A-8571-57F66BE0EDA5},,,,,0,0
250,177,-1,0,239,110010068041,131,127,4,600362.918608,13970.5358814,115,112,4,529000.496606,0.88113453,N,3,5,Ward 7,22345.2269165,22818182.5566,396929,0.75033802,86,3,84,0.97674417,LowFoodAccessPly_249,{A01DA3FB-DD3E-476C-A9AD-B328C671E156},,,,,0,0
251,163,-1,0,225,110010059001,2576,480,2096,613821.143646,4041.55530333,959,179,780,228452.997344,0.3721817,N,4,2,Ward 2,29545.8038865,22492798.344,190514,0.83393103,800,650,149,0.18625,LowFoodAccessPly_250,{8848A2E3-0EB8-416E-AA1A-AE0254752A04},,,,,0,0
252,249,-1,0,318,110010080012,1347,118,1229,156995.444829,2282.99900413,1260,110,1150,146887.884986,0.93561877,N,2,7,Ward 6,24157.9774348,16064916.7222,146888,1,1260,1150,110,0.08730159,LowFoodAccessPly_251,{B5CF3E4A-0CE9-4FA3-98CA-1F245C5DED2C},,,,,0,0
253,253,-1,0,322,110010081001,677,88,589,70607.2324895,1558.42858282,677,88,589,70607.2268067,0.99999992,N,2,6,Ward 6,24157.9774348,16064916.7222,70607.203125,1,677,589,88,0.12998523,LowFoodAccessPly_252,{7FDBC215-AFB4-4D12-957C-D7948D3480BC},,,,,0,0
254,160,-1,0,221,110010056003,877,257,620,60694.5286894,339.28718155,81,24,58,5638.64059376,0.09290196,N,4,2,Ward 2,29545.8038865,22492798.344,5638.64013672,1,81,58,24,0.2962963,LowFoodAccessPly_253,{C87F2AF9-C81E-4B88-9C78-EC78FC9A4DDB},,,,,0,0
255,317,-1,0,391,110010096041,1148,359,789,212697.392629,3247.78027638,1136,355,781,210520.931743,0.98976734,N,3,7,Ward 7,22345.2269165,22818182.5566,210521,1,1136,781,355,0.3125,LowFoodAccessPly_254,{2BB1E96A-D2A4-4489-8616-14054A5F4C64},,,,,0,0
256,318,-1,0,392,110010096042,954,208,746,205459.826546,2128.64159262,855,186,669,184139.461714,0.89623098,N,3,7,Ward 7,22345.2269165,22818182.5566,184139,1,855,669,186,0.21754386,LowFoodAccessPly_255,{38A429A5-A675-4886-B61D-D83EF2504F34},,,,,0,0
257,240,-1,0,307,110010078081,2479,1087,1392,294705.763901,3697.73958244,2479,1087,1392,294705.771312,1.00000003,N,3,7,Ward 7,22345.2269165,22818182.5566,294706,1,2479,1392,1087,0.43848327,LowFoodAccessPly_256,{BF1EB852-1732-4A08-B93E-5EA4DA514C09},,,,,0,0
258,246,-1,0,314,110010079013,1508,551,957,92635.4651946,997.1568575,528,193,335,32408.744686,0.34985245,N,2,7,Ward 6,24157.9774348,16064916.7222,32408.69921875,1,528,335,193,0.36553031,LowFoodAccessPly_257,{8564B84F-6C80-4596-9EEA-755AAD7BBB64},,,,,0,0
259,164,-1,0,226,110010062021,117,0,117,1908992.29538,33491.8648331,108,0,108,1761788.01556,0.92288901,N,2,2,Ward 6,24157.9774348,16064916.7222,660315,0.374798,40,40,0,0,LowFoodAccessPly_258,{3CD654EF-663D-47AB-B0A8-B3552CEBCE5B},,,,,0,0
260,258,-1,0,328,110010083012,1225,95,1130,147449.979788,1378.67157611,194,15,179,23400.5843424,0.15870185,N,2,6,Ward 6,24157.9774348,16064916.7222,23400.59960938,1,194,179,15,0.07731958,LowFoodAccessPly_259,{177DD376-B490-4C8F-AAEA-0F257EBA9126},,,,,0,0
261,241,-1,0,308,110010078082,694,248,446,317075.587683,5937.19936784,694,248,446,317075.58583,0.99999999,N,3,7,Ward 7,22345.2269165,22818182.5566,317077,1,694,446,248,0.35734871,LowFoodAccessPly_260,{4A8DB7B4-6953-4BE3-B91C-FF5B490D8978},,,,,0,0
262,242,-1,0,309,110010078083,1116,721,395,229142.866825,4677.09200142,1116,721,395,229142.869734,1.00000001,N,3,7,Ward 7,22345.2269165,22818182.5566,229143,1,1116,395,721,0.64605737,LowFoodAccessPly_261,{247C4359-E533-468F-93BF-C4051DF8B0F6},,,,,0,0
263,163,-1,0,225,110010059001,2576,480,2096,613821.143646,4041.55530333,959,179,780,228452.997344,0.3721817,N,2,6,Ward 6,24157.9774348,16064916.7222,37938.69921875,0.166068,159,130,30,0.18867925,LowFoodAccessPly_262,{EB05FC75-E745-4BA8-9074-093DC59F0777},,,,,0,0
264,245,-1,0,313,110010079012,1141,472,669,94899.2166072,905.80176246,523,216,307,43494.1936018,0.45831984,N,2,7,Ward 6,24157.9774348,16064916.7222,43493.5,1,523,307,216,0.41300192,LowFoodAccessPly_263,{5BD86DD4-89BB-467F-8382-2D5D5F6F2625},,,,,0,0
265,235,-1,0,302,110010078043,1120,386,734,216093.794056,2580.74486981,1120,386,734,216093.802764,1.00000004,N,3,7,Ward 7,22345.2269165,22818182.5566,216094,1,1120,734,386,0.34464285,LowFoodAccessPly_264,{BB1310DB-1F0B-4D31-A83B-E6EF8C674EFF},,,,,0,0
266,231,-1,0,298,110010078033,678,183,495,181542.027161,1737.45445914,676,182,494,180996.596916,0.99699557,N,3,7,Ward 7,22345.2269165,22818182.5566,180997,1,676,494,182,0.26923078,LowFoodAccessPly_265,{8696ED84-B266-4050-B202-C737DC1E1894},,,,,0,0
267,254,-1,0,323,110010081002,1527,131,1396,126008.709484,1433.13665189,1527,131,1396,126008.708858,1,N,2,6,Ward 6,24157.9774348,16064916.7222,126009,1,1527,1396,131,0.08578913,LowFoodAccessPly_207,{A369647A-B061-4096-847D-91890430E06B},,,,,0,0
268,250,-1,0,319,110010080013,745,110,635,76859.1987478,1421.95774375,745,110,635,76859.1969199,0.99999998,N,2,7,Ward 6,24157.9774348,16064916.7222,76859.203125,1,745,635,110,0.147651,LowFoodAccessPly_208,{5477F180-7079-4F5B-956B-7AA248BD92C1},,,,,0,0
269,316,-1,0,390,110010096033,924,517,407,181182.179712,1259.60917686,226,127,100,44367.7375637,0.24487915,N,3,7,Ward 7,22345.2269165,22818182.5566,44367.69921875,1,226,100,127,0.56194693,LowFoodAccessPly_209,{B19E7E12-2D3D-4B3B-BD75-27D9B4FDCB0B},,,,,0,0
270,257,-1,0,326,110010082002,1981,277,1704,248719.952269,2962.51102191,1768,247,1521,222005.480573,0.89259216,N,2,6,Ward 6,24157.9774348,16064916.7222,222005,1,1768,1521,247,0.13970588,LowFoodAccessPly_210,{5992C550-277F-4215-8E12-392482A4BAAE},,,,,0,0
271,252,-1,0,321,110010080022,2233,238,1995,271847.012929,3953.42532907,2195,234,1961,267251.732036,0.98309608,N,2,7,Ward 6,24157.9774348,16064916.7222,267252,1,2195,1961,234,0.10660592,LowFoodAccessPly_211,{A780ED51-21B0-4452-A4B6-A038F1939616},,,,,0,0
272,251,-1,0,320,110010080021,1304,167,1137,219439.338195,4036.06698596,1284,164,1120,216072.241059,0.98465591,N,2,7,Ward 6,24157.9774348,16064916.7222,216049,1,1284,1120,164,0.12772585,LowFoodAccessPly_212,{A4066D24-B05A-4C2D-A533-E849E2EAE613},,,,,0,0
273,177,-1,0,239,110010068041,131,127,4,600362.918608,13970.5358814,115,112,4,529000.496606,0.88113453,N,2,7,Ward 6,24157.9774348,16064916.7222,132027,0.249578,29,1,28,0.96551722,LowFoodAccessPly_213,{13AFBE69-DF22-441A-A6D6-4D5670267D62},,,,,0,0
274,256,-1,0,325,110010082001,709,18,691,88125.7320459,1153.30219435,662,17,645,82226.9093032,0.93306356,N,2,6,Ward 6,24157.9774348,16064916.7222,82226.8984375,1,662,645,17,0.02567976,LowFoodAccessPly_214,{0648F9A4-B8D7-47F8-BAF0-12847BA46826},,,,,0,0
275,255,-1,0,324,110010081003,998,52,946,93314.1083306,1236.59267196,901,47,854,84260.1303479,0.90297311,N,2,6,Ward 6,24157.9774348,16064916.7222,84260.1015625,1,901,854,47,0.05216426,LowFoodAccessPly_215,{11AD367C-44E5-487C-80A2-B147CA921EEE},,,,,0,0
276,315,-1,0,388,110010096031,1536,650,886,237541.622475,1017.74048348,334,141,193,51641.1022899,0.21739812,N,3,7,Ward 7,22345.2269165,22818182.5566,51641.1015625,1,334,193,141,0.42215568,LowFoodAccessPly_216,{D7DED2C8-F57F-49D3-A68F-BD128CDFD111},,,,,0,0
277,169,-1,0,231,110010066001,1904,111,1793,283324.208522,2102.56872475,529,31,498,78703.069089,0.27778448,N,2,6,Ward 6,24157.9774348,16064916.7222,78703.1015625,1,529,498,31,0.05860113,LowFoodAccessPly_217,{5014EFC6-0971-40A6-B7A6-D15705DC4E31},,,,,0,0
278,172,-1,0,234,110010067003,1382,74,1308,167758.702925,524.95814562,40,2,38,4908.09316673,0.02925686,N,2,6,Ward 6,24157.9774348,16064916.7222,4908.08984375,1,40,38,2,0.05,LowFoodAccessPly_218,{250C15AF-5FFA-4BE8-990B-C488AE541F64},,,,,0,0
279,170,-1,0,232,110010067001,1326,101,1225,145689.729595,476.45221077,16,1,14,1713.48054625,0.01176116,N,2,7,Ward 6,24157.9774348,16064916.7222,1713.47998047,1,16,14,1,0.0625,LowFoodAccessPly_219,{2E6A40F6-1B51-4C13-B523-238BCFD0B606},,,,,0,0
280,174,-1,0,236,110010068012,648,92,556,90733.6750233,1004.37923329,307,44,264,43027.7324809,0.4742201,N,2,7,Ward 6,24157.9774348,16064916.7222,43027.69921875,1,307,264,44,0.14332248,LowFoodAccessPly_220,{D8063594-6C59-4FAC-8E48-5DDA8C8F158A},,,,,0,0
281,226,-1,0,293,110010077082,1470,573,897,418161.748051,4571.71116367,1470,573,897,418161.77121,1.00000006,N,3,7,Ward 7,22345.2269165,22818182.5566,418162,1,1470,897,573,0.38979593,LowFoodAccessPly_328,{0F3BE37B-A29F-4F2D-898F-968A3BEB7D81},,,,,0,0
282,173,-1,0,235,110010068011,1315,344,971,153837.917718,1651.68357155,1233,323,911,144294.128442,0.93796205,N,2,7,Ward 6,24157.9774348,16064916.7222,144291,1,1233,911,323,0.26196268,LowFoodAccessPly_329,{AD2E6AC2-8817-45C4-A4EC-3E7770D16070},,,,,0,0
283,346,-1,0,420,110010099061,1521,621,900,247946.582284,2139.29728038,1521,621,900,247946.592083,1.00000004,N,3,7,Ward 7,22345.2269165,22818182.5566,247947,1,1521,900,621,0.40828404,LowFoodAccessPly_330,{713D74C2-942E-4A4A-B6E8-101C1224B4C5},,,,,0,0
284,219,-1,0,286,110010077031,712,314,398,167638.426981,3670.83079389,649,286,363,152797.191182,0.91146877,N,3,7,Ward 7,22345.2269165,22818182.5566,152798,1,649,363,286,0.44067797,LowFoodAccessPly_331,{F3B9107D-6520-47C7-83AF-8B377627DD7A},,,,,0,0
285,339,-1,0,413,110010099031,1304,566,738,163760.839066,1805.64253913,1304,566,738,163760.840667,1.00000001,N,3,7,Ward 7,22345.2269165,22818182.5566,163761,1,1304,738,566,0.43404907,LowFoodAccessPly_332,{C2AAFD93-8E2A-4477-AEB0-2CEC16CC904C},,,,,0,0
286,225,-1,0,292,110010077081,1600,974,626,128920.302897,1554.37642083,1597,972,625,128641.432926,0.99783688,N,3,7,Ward 7,22345.2269165,22818182.5566,128641,1,1597,625,972,0.60864121,LowFoodAccessPly_333,{29FF0A71-8475-4608-8429-278BB523870D},,,,,0,0
287,340,-1,0,414,110010099032,524,118,406,212065.328648,2262.40717259,524,118,406,212065.325983,0.99999999,N,3,7,Ward 7,22345.2269165,22818182.5566,212065,1,524,406,118,0.22519083,LowFoodAccessPly_334,{658495BE-8676-49E9-BD2C-9D4581A837F0},,,,,0,0
288,341,-1,0,415,110010099041,759,333,426,181273.536121,3270.52679513,759,333,426,181273.536734,1,N,3,7,Ward 7,22345.2269165,22818182.5566,181278,1,759,426,333,0.43873519,LowFoodAccessPly_335,{C593907C-C85F-4BD3-9187-DCF4D48FEE88},,,,,0,0
289,222,-1,0,289,110010077034,519,258,261,78579.9734297,1828.4883989,517,257,260,78278.751108,0.99616668,N,3,7,Ward 7,22345.2269165,22818182.5566,78279.203125,1,517,260,257,0.49709865,LowFoodAccessPly_336,{B9525521-AC01-415B-B34C-2DC4FE4D915A},,,,,0,0
290,342,-1,0,416,110010099042,1675,924,751,212623.253302,2507.08484325,1675,924,751,212623.251283,0.99999999,N,3,7,Ward 7,22345.2269165,22818182.5566,212623,1,1675,751,924,0.55164176,LowFoodAccessPly_281,{BF0CDBBF-E090-4D08-A745-1C383EA61B13},,,,,0,0
291,220,-1,0,287,110010077032,1316,794,522,216523.95709,4696.3391382,1033,623,410,169885.426204,0.78460337,N,3,7,Ward 7,22345.2269165,22818182.5566,169885,1,1033,410,623,0.6030978,LowFoodAccessPly_282,{62811C05-5071-4FF7-8618-8D2D58C9BCAD},,,,,0,0
292,171,-1,0,233,110010067002,1425,41,1384,114820.026367,392.82337201,104,3,101,8383.15556444,0.07301127,N,2,6,Ward 6,24157.9774348,16064916.7222,8383.16015625,1,104,101,3,0.02884615,LowFoodAccessPly_283,{09BE0FB3-32CB-45E5-BD20-B6C1B19DC6BB},,,,,0,0
293,221,-1,0,288,110010077033,2720,2073,647,261536.34746,2368.41624447,2716,2070,646,261182.18987,0.99864586,N,3,7,Ward 7,22345.2269165,22818182.5566,261182,1,2716,646,2070,0.76215023,LowFoodAccessPly_294,{53600873-CF80-4C25-B010-1158AC6EC290},,,,,0,0
294,343,-1,0,417,110010099051,1243,577,666,185886.240678,1780.91198958,1243,577,666,185886.238062,0.99999999,N,3,7,Ward 7,22345.2269165,22818182.5566,185886,1,1243,666,577,0.46419951,LowFoodAccessPly_295,{3467F4AA-355E-449A-B47E-129F72844F14},,,,,0,0
295,167,-1,0,229,110010065001,875,160,715,136789.10114,1136.36205139,305,56,249,47724.138617,0.34888846,N,2,6,Ward 6,24157.9774348,16064916.7222,47724.1015625,1,305,249,56,0.18360655,LowFoodAccessPly_296,{7C4BAF9F-4448-429B-81A4-E13C82C58D23},,,,,0,0
296,351,-1,0,425,110010102001,1044,148,896,334900.574697,2365.24384643,556,79,477,178399.586272,0.53269418,N,2,2,Ward 6,24157.9774348,16064916.7222,178399,1,556,477,79,0.14208633,LowFoodAccessPly_297,{FF35512A-95D3-4607-8849-2419231E999D},,,,,0,0
297,359,-1,0,433,110010105002,1827,181,1646,419667.867838,2660.64250886,1384,137,1247,317920.618749,0.75755292,N,2,2,Ward 6,24157.9774348,16064916.7222,317918,1,1384,1247,137,0.09898844,LowFoodAccessPly_298,{2744141E-683D-44B5-995A-C8B9D6B44BBB},,,,,0,0
298,352,-1,0,426,110010102002,1493,72,1421,831368.621185,5950.96031893,1106,53,1053,616066.85645,0.74102731,N,2,2,Ward 6,24157.9774348,16064916.7222,616000,1,1106,1053,53,0.04792044,LowFoodAccessPly_299,{9541AD75-9C7C-4B04-B671-20EF9EC0413D},,,,,0,0
299,348,-1,0,422,110010099072,2150,1356,794,327274.557826,2651.72999036,2150,1356,794,327274.554187,0.99999999,N,3,7,Ward 7,22345.2269165,22818182.5566,327275,1,2150,794,1356,0.63069767,LowFoodAccessPly_300,{0E4DD6DB-7E8A-4CBC-B79E-ED902C8F3CA5},,,,,0,0
300,344,-1,0,418,110010099052,831,225,606,141548.409308,1969.53476755,831,225,606,141548.411549,1.00000002,N,3,7,Ward 7,22345.2269165,22818182.5566,141548,1,831,606,225,0.27075812,LowFoodAccessPly_301,{1E087141-973B-4BEB-893F-10C30F0F7001},,,,,0,0
301,168,-1,0,230,110010065002,1693,106,1587,306524.949887,2157.44324043,1112,70,1042,201309.29405,0.65674685,N,2,6,Ward 6,24157.9774348,16064916.7222,201309,1,1112,1042,70,0.06294964,LowFoodAccessPly_302,{00D3426F-4FE9-4379-A44F-D39BBB1D60E6},,,,,0,0
302,175,-1,0,237,110010068021,911,92,819,104539.574743,123.48617575,3,0,3,395.47594705,0.00378303,N,2,7,Ward 6,24157.9774348,16064916.7222,394.62701416,1,3,3,0,0,LowFoodAccessPly_303,{012FCE66-804C-4B7E-A0E9-E4D7B25D573C},,,,,0,0
303,176,-1,0,238,110010068022,1416,284,1132,173258.057748,275.63129608,17,3,14,2128.05525163,0.01228258,N,2,7,Ward 6,24157.9774348,16064916.7222,2127.82006836,1,17,14,3,0.17647059,LowFoodAccessPly_304,{50078A7F-5357-4B5C-8D6B-C96F38DCA317},,,,,0,0
304,345,-1,0,419,110010099053,686,351,335,103986.043877,1322.75403223,686,351,335,103986.048237,1.00000004,N,3,7,Ward 7,22345.2269165,22818182.5566,103986,1,686,335,351,0.51166183,LowFoodAccessPly_305,{CB26C7B2-FFD2-4584-AEBA-34FCFCA459ED},,,,,0,0
305,336,-1,0,410,110010099012,1698,199,1499,731363.853674,11126.8269177,1698,199,1499,731363.841587,0.99999998,N,3,7,Ward 7,22345.2269165,22818182.5566,731359,1,1698,1499,199,0.1171967,LowFoodAccessPly_306,{A0CA9F9B-E5E8-4B2C-BC44-E8419BDA4909},,,,,0,0
306,358,-1,0,432,110010105001,1591,432,1159,278865.284026,3048.4949957,501,136,365,87874.1423742,0.31511324,N,2,6,Ward 6,24157.9774348,16064916.7222,87875.203125,1,501,365,136,0.27145708,LowFoodAccessPly_307,{424410CF-FF90-440A-8952-0F40ACBDFEA8},,,,,0,0
307,347,-1,0,421,110010099071,740,212,528,139631.077873,2080.15915768,740,212,528,139631.081242,1.00000002,N,3,7,Ward 7,22345.2269165,22818182.5566,139631,1,740,528,212,0.28648648,LowFoodAccessPly_308,{06390413-9616-4B1A-B63F-2C4C36453836},,,,,0,0
308,227,-1,0,294,110010077091,1250,668,582,369444.707329,6567.91628039,1250,668,582,369444.736457,1.00000008,N,3,7,Ward 7,22345.2269165,22818182.5566,369446,1,1250,582,668,0.53439999,LowFoodAccessPly_309,{1DCDD257-E582-42E1-A59E-0580954B1EA2},,,,,0,0
309,223,-1,0,290,110010077071,2547,1406,1141,340240.619747,3892.80485857,1411,779,632,188459.615755,0.55390099,N,3,7,Ward 7,22345.2269165,22818182.5566,188454,1,1411,632,779,0.5520907,LowFoodAccessPly_310,{FD845FA7-6C9E-4ED0-837E-100E21EDE61F},,,,,0,0
310,179,-1,0,246,110010072001,3358,591,2767,296235.049274,1326.64096525,837,147,690,73866.4339184,0.24935076,N,2,6,Ward 6,24157.9774348,16064916.7222,73866.3984375,1,837,690,147,0.17562725,LowFoodAccessPly_311,{68C038ED-3005-4B58-89BD-3A573AF9AB8B},,,,,0,0
311,337,-1,0,411,110010099021,958,160,798,343443.990067,6832.2052494,754,126,628,270131.746461,0.78653799,N,3,7,Ward 7,22345.2269165,22818182.5566,270132,1,754,628,126,0.16710876,LowFoodAccessPly_312,{FD1090EA-73A5-41C3-8CCB-5AF0AFD82AA2},,,,,0,0
312,224,-1,0,291,110010077072,1763,600,1163,425314.441114,3319.43292584,1268,431,836,305855.492331,0.71912793,N,3,7,Ward 7,22345.2269165,22818182.5566,305861,1,1268,836,431,0.33990535,LowFoodAccessPly_313,{51F2C585-41E0-4EAF-82FD-422F12F0DB9F},,,,,0,0
313,335,-1,0,409,110010099011,865,242,623,243928.565369,2942.77507053,865,242,623,243928.560429,0.99999998,N,3,7,Ward 7,22345.2269165,22818182.5566,243927,1,865,623,242,0.27976879,LowFoodAccessPly_314,{05CB0485-BC22-4337-8F7B-C17BC4C1A267},,,,,0,0
314,178,-1,0,244,110010071001,674,320,354,298215.949588,3912.28423733,291,138,153,128948.917302,0.43240114,N,2,6,Ward 6,24157.9774348,16064916.7222,128949,1,291,153,138,0.4742268,LowFoodAccessPly_315,{9894F76F-6C2E-4332-B46F-8332E3F095FF},,,,,0,0
315,180,-1,0,247,110010072002,934,281,653,1006032.52329,5798.30874556,286,86,200,308121.864207,0.30627426,N,2,6,Ward 6,24157.9774348,16064916.7222,308111,1,286,200,86,0.30069929,LowFoodAccessPly_316,{10D105B7-7172-426A-9CEE-10A2AB0A0674},,,,,0,0
316,165,-1,0,227,110010064001,1256,822,434,146187.524816,1444.87940603,817,535,282,95119.6197517,0.65066852,N,2,6,Ward 6,24157.9774348,16064916.7222,95119.6015625,1,817,282,535,0.65483475,LowFoodAccessPly_317,{3480643C-9081-4F28-9A45-F9752D65D58E},,,,,0,0
317,228,-1,0,295,110010077092,907,325,582,149362.554298,2014.11812734,907,325,582,149362.554141,1,N,3,7,Ward 7,22345.2269165,22818182.5566,149363,1,907,582,325,0.35832414,LowFoodAccessPly_318,{ECD04330-3831-43D9-BFF6-6B006EE552C6},,,,,0,0
318,208,-1,0,275,110010076015,591,208,383,289432.700013,3951.65068459,591,208,383,289432.718953,1.00000007,N,3,7,Ward 7,22345.2269165,22818182.5566,28357.59960938,0.0979765,58,38,20,0.34482759,LowFoodAccessPly_319,{E5C96F2B-13E6-48D8-90F2-58A552C891F5},,,,,0,0
319,208,-1,0,275,110010076015,591,208,383,289432.700013,3951.65068459,591,208,383,289432.718953,1.00000007,N,1,7,Ward 8,28714.0694298,30965852.4553,261075,0.90202302,533,345,188,0.35272044,LowFoodAccessPly_320,{26183BF6-4DED-4A12-A8FD-7C1AA355C3FE},,,,,0,0
320,369,-1,0,445,110010110002,718,84,634,422439.584862,4424.84155186,589,69,520,346440.003822,0.82009361,N,2,6,Ward 6,24157.9774348,16064916.7222,346440,1,589,520,69,0.11714771,LowFoodAccessPly_321,{463455E0-D9C4-4B33-8F47-F806061225DF},,,,,0,0
321,204,-1,0,271,110010076011,822,297,525,112868.712881,1648.74959672,822,297,525,112868.713484,1.00000001,N,3,7,Ward 7,22345.2269165,22818182.5566,31859.40039063,0.28227001,232,148,84,0.36206895,LowFoodAccessPly_322,{E4D8A39E-7615-4C46-A21E-64E3ADD223CC},,,,,0,0
322,204,-1,0,271,110010076011,822,297,525,112868.712881,1648.74959672,822,297,525,112868.713484,1.00000001,N,1,7,Ward 8,28714.0694298,30965852.4553,81009.296875,0.71772999,590,377,213,0.36101696,LowFoodAccessPly_323,{5AC0DD00-17B9-407D-B605-22D9C81903D7},,,,,0,0
323,213,-1,0,280,110010076041,1378,533,845,158067.465054,2160.51513272,1378,533,845,158067.462005,0.99999998,N,3,7,Ward 7,22345.2269165,22818182.5566,158056,1,1378,845,533,0.38679245,LowFoodAccessPly_324,{4E9C542E-4C07-4057-935E-40E96C214820},,,,,0,0
324,370,-1,0,447,110010110004,1425,93,1332,116741.312671,256.74808075,49,3,46,4032.11768474,0.03453891,N,2,6,Ward 6,24157.9774348,16064916.7222,4032.12011719,1,49,46,3,0.06122449,LowFoodAccessPly_325,{B2C81EA8-6605-4D7E-947B-1B671139B298},,,,,0,0
325,206,-1,0,273,110010076013,1632,687,945,169271.502192,1867.83600637,1632,687,945,169271.504088,1.00000001,N,1,8,Ward 8,28714.0694298,30965852.4553,169272,1,1632,945,687,0.4209559,LowFoodAccessPly_326,{666D5309-7B18-4509-A0B2-8CB4464DD21E},,,,,0,0
326,205,-1,0,272,110010076012,352,106,246,159367.218128,1960.78622519,352,106,246,159367.220207,1.00000001,N,1,7,Ward 8,28714.0694298,30965852.4553,158586,1,352,246,106,0.30113637,LowFoodAccessPly_327,{D9DD1F24-0B65-406D-A8CB-C4ED89A2AE6F},,,,,0,0
327,368,-1,0,444,110010110001,632,40,592,35698.5416039,524.47129709,114,7,107,6444.25250796,0.18051865,N,2,6,Ward 6,24157.9774348,16064916.7222,6444.25,1,114,107,7,0.06140351,LowFoodAccessPly_284,{A9E902E5-8198-4E9D-AC65-A303FF574639},,,,,0,0
328,166,-1,0,228,110010064002,874,624,250,480079.879945,4642.39015085,874,624,250,480079.877177,0.99999999,N,2,6,Ward 6,24157.9774348,16064916.7222,480080,1,874,250,624,0.7139588,LowFoodAccessPly_285,{BC7A606C-1921-41F7-B68B-D8CE8DC6BA19},,,,,0,0
329,207,-1,0,274,110010076014,753,329,424,122949.260049,1540.07040662,753,329,424,122949.261629,1.00000001,N,1,8,Ward 8,28714.0694298,30965852.4553,122949,1,753,424,329,0.436919,LowFoodAccessPly_286,{A2842CBB-2052-4CF6-9BE8-2E59E96CDC5A},,,,,0,0
330,215,-1,0,282,110010076043,1006,277,729,223995.535098,5407.43999318,1006,277,729,223995.538377,1.00000001,N,3,7,Ward 7,22345.2269165,22818182.5566,223993,1,1006,729,277,0.27534792,LowFoodAccessPly_287,{6A3FC7C5-9243-4082-BE47-88B9C33BC208},,,,,0,0
331,338,-1,0,412,110010099022,1803,575,1228,263859.027368,2712.09474587,1803,575,1228,263859.019211,0.99999997,N,3,7,Ward 7,22345.2269165,22818182.5566,263863,1,1803,1228,575,0.31891292,LowFoodAccessPly_288,{8EE29F02-6523-4C1E-9EFE-8379506D875E},,,,,0,0
332,214,-1,0,281,110010076042,1382,256,1126,635556.029307,8593.53814252,828,153,674,380600.90524,0.59884713,N,3,7,Ward 7,22345.2269165,22818182.5566,380598,1,828,674,153,0.18478261,LowFoodAccessPly_289,{4DAF1856-629E-4FC2-9DD2-381CA74CAFA9},,,,,0,0
333,185,-1,0,252,110010074011,1355,1064,291,439788.249125,7052.96448416,1355,1064,291,439788.258317,1.00000002,N,1,8,Ward 8,28714.0694298,30965852.4553,439793,1,1355,291,1064,0.78523988,LowFoodAccessPly_290,{A3C6B129-BCF7-4425-811D-F2AA64E1C08D},,,,,0,0
334,217,-1,0,284,110010076052,2195,780,1415,159292.243098,3303.83415331,1967,699,1268,142764.312,0.89624146,N,1,7,Ward 8,28714.0694298,30965852.4553,142760,1,1967,1268,699,0.35536349,LowFoodAccessPly_291,{4372DF8D-E25F-49B1-B9DF-0AB1AA830791},,,,,0,0
335,216,-1,0,283,110010076051,760,149,611,130153.813178,1472.85801433,760,149,611,130153.805157,0.99999994,N,1,8,Ward 8,28714.0694298,30965852.4553,130154,1,760,611,149,0.19605263,LowFoodAccessPly_292,{F3CFBF6D-4E2C-407D-B9BA-ECB8DA4112F1},,,,,0,0
336,218,-1,0,285,110010076053,648,474,174,82750.2311663,1511.18409486,648,474,174,82750.2299541,0.99999999,N,1,8,Ward 8,28714.0694298,30965852.4553,82750.203125,1,648,174,474,0.73148149,LowFoodAccessPly_293,{D0499DDD-6049-4102-BB90-4F89568B5020},,,,,0,0
337,201,-1,0,268,110010075031,707,249,458,277572.191942,2575.17266462,707,249,458,277572.195709,1.00000001,N,1,8,Ward 8,28714.0694298,30965852.4553,277572,1,707,458,249,0.35219237,LowFoodAccessPly_372,{C9BF97DD-CE79-41EE-8113-31D3252029D3},,,,,0,0
338,203,-1,0,270,110010075041,2760,1925,835,386003.662544,9213.61465282,2760,1925,835,386003.667312,1.00000001,N,1,8,Ward 8,28714.0694298,30965852.4553,386004,1,2760,835,1925,0.69746375,LowFoodAccessPly_373,{56A769DB-7258-45D3-8618-B698C8FD93D9},,,,,0,0
339,209,-1,0,276,110010076031,1652,709,943,211171.182038,2059.31355066,1652,709,943,211171.190565,1.00000004,N,3,7,Ward 7,22345.2269165,22818182.5566,211171,1,1652,943,709,0.42917675,LowFoodAccessPly_374,{CA6415D5-B75F-4760-9642-2A166147602C},,,,,0,0
340,202,-1,0,269,110010075032,1987,1325,662,187287.890037,2730.71898243,1987,1325,662,187287.896403,1.00000003,N,1,8,Ward 8,28714.0694298,30965852.4553,187288,1,1987,662,1325,0.66683441,LowFoodAccessPly_375,{AFB642C1-B08A-40E9-B5E5-35947FA30865},,,,,0,0
341,194,-1,0,261,110010074072,1851,978,873,270525.760887,2531.84877776,1851,978,873,270525.760139,1,N,1,8,Ward 8,28714.0694298,30965852.4553,270526,1,1851,873,978,0.52836305,LowFoodAccessPly_376,{ED5A30A2-60CF-4BAA-90C8-2A51C0E168D9},,,,,0,0
342,199,-1,0,266,110010075021,3205,2163,1042,263349.265063,2472.28459593,2410,1627,784,198030.055837,0.75196738,N,1,8,Ward 8,28714.0694298,30965852.4553,198030,1,2410,784,1627,0.67510372,LowFoodAccessPly_377,{6CB97942-64B4-4173-8EF5-08B3A6FA9287},,,,,0,0
343,211,-1,0,278,110010076033,551,0,551,368317.255745,3276.52574013,551,0,551,368317.26018,1.00000001,N,3,7,Ward 7,22345.2269165,22818182.5566,368321,1,551,551,0,0,LowFoodAccessPly_378,{6D7B104E-BC50-4138-A39B-B1A3CFFF6785},,,,,0,0
344,210,-1,0,277,110010076032,543,25,518,260701.080498,1664.3204947,129,6,123,61814.1526646,0.23710739,N,3,7,Ward 7,22345.2269165,22818182.5566,61814.19921875,1,129,123,6,0.04651163,LowFoodAccessPly_379,{1265E1BA-5B1F-4CCD-A402-D21B01DB4001},,,,,0,0
345,357,-1,0,431,110010104002,2227,1101,1126,1959845.90526,10314.8251442,2227,1101,1126,1959845.89743,1,N,1,8,Ward 8,28714.0694298,30965852.4553,1959850,1,2227,1126,1101,0.49438706,LowFoodAccessPly_380,{38F47F6B-0226-4646-9192-2CB880603F2C},,,,,0,0
346,186,-1,0,253,110010074012,1095,980,115,175912.771709,2181.86878482,1095,980,115,175912.780869,1.00000005,N,1,8,Ward 8,28714.0694298,30965852.4553,175913,1,1095,115,980,0.89497715,LowFoodAccessPly_381,{E54F63A8-F910-4E19-83E9-A2A1598468B9},,,,,0,0
347,200,-1,0,267,110010075022,1904,1265,639,345994.637174,2395.66279713,825,548,277,149851.099459,0.43310238,N,1,7,Ward 8,28714.0694298,30965852.4553,149850,1,825,277,548,0.66424245,LowFoodAccessPly_337,{44E21D8B-79C4-4ED0-ABBF-DB660D369386},,,,,0,0
348,192,-1,0,259,110010074062,693,499,194,195089.003812,2804.7186573,693,499,194,195089.001365,0.99999999,N,1,8,Ward 8,28714.0694298,30965852.4553,195089,1,693,194,499,0.72005773,LowFoodAccessPly_338,{63797D23-D6F6-4E76-A300-FEDC7E1CBA3B},,,,,0,0
349,191,-1,0,258,110010074061,2368,1264,1104,174608.784954,1628.13635075,2368,1264,1104,174608.788125,1.00000002,N,1,8,Ward 8,28714.0694298,30965852.4553,174609,1,2368,1104,1264,0.53378379,LowFoodAccessPly_339,{14FEDA0E-782C-4DC7-88C2-DA58A0F133A2},,,,,0,0
350,193,-1,0,260,110010074071,868,477,391,277705.693833,3303.37941912,868,477,391,277705.68382,0.99999996,N,1,8,Ward 8,28714.0694298,30965852.4553,277706,1,868,391,477,0.54953915,LowFoodAccessPly_340,{88A6D5F5-D26E-4086-9BF9-011CB4EB7767},,,,,0,0
351,212,-1,0,279,110010076034,1204,421,783,302573.404812,1671.29682665,623,218,405,156510.032359,0.51726302,N,3,7,Ward 7,22345.2269165,22818182.5566,156505,1,623,405,218,0.34991974,LowFoodAccessPly_341,{CB5C6F13-8EF8-435E-864D-F5D71880B5B7},,,,,0,0
352,195,-1,0,262,110010074081,3036,2111,925,375373.005109,4003.02135999,2774,1929,845,342943.859198,0.91360821,N,1,8,Ward 8,28714.0694298,30965852.4553,342944,1,2774,845,1929,0.69538575,LowFoodAccessPly_342,{B131C41A-7AE5-4916-B2C8-4208640C480B},,,,,0,0
353,188,-1,0,255,110010074041,2414,1513,901,279098.132514,3974.84040465,1579,990,589,182543.827927,0.6540489,N,1,8,Ward 8,28714.0694298,30965852.4553,182544,1,1579,589,990,0.62697911,LowFoodAccessPly_343,{B35FA24A-0057-4B8D-A1AB-84E5B719DAD6},,,,,0,0
354,190,-1,0,257,110010074043,305,209,96,184917.53135,3846.77189264,262,179,82,158723.340057,0.85834663,N,1,8,Ward 8,28714.0694298,30965852.4553,158723,1,262,82,179,0.68320608,LowFoodAccessPly_344,{DC218743-F755-43C2-A515-C985BA21B5C1},,,,,0,0
355,187,-1,0,254,110010074031,3500,1977,1523,326104.072368,2146.27537328,1655,935,720,154227.336832,0.47293901,N,1,8,Ward 8,28714.0694298,30965852.4553,154227,1,1655,720,935,0.5649547,LowFoodAccessPly_345,{A1FB561D-E18F-4689-9659-DB4445ACA208},,,,,0,0
356,189,-1,0,256,110010074042,1076,586,490,254534.868528,1821.51508104,284,155,129,67209.0625532,0.26404658,N,1,8,Ward 8,28714.0694298,30965852.4553,67209.1015625,1,284,129,155,0.54577464,LowFoodAccessPly_346,{C841DEB4-572A-4046-914B-B2A4EF8DBC85},,,,,0,0
357,196,-1,0,263,110010074091,938,421,517,84225.8768685,1299.44334636,938,421,517,84225.8774742,1.00000001,N,1,8,Ward 8,28714.0694298,30965852.4553,84225.8984375,1,938,517,421,0.4488273,LowFoodAccessPly_347,{1FAFAF65-9767-4B02-A100-248BAD8E966E},,,,,0,0
358,197,-1,0,264,110010074092,1222,732,490,157688.281553,1369.85659853,504,302,202,65065.7914554,0.41262287,N,1,8,Ward 8,28714.0694298,30965852.4553,65065.80078125,1,504,202,302,0.59920633,LowFoodAccessPly_348,{4504C0A7-85C1-4F29-A119-76E9CF4027C5},,,,,0,0
359,356,-1,0,430,110010104001,1915,891,1024,415444.444535,8018.67159068,1915,891,1024,415444.428828,0.99999996,N,1,8,Ward 8,28714.0694298,30965852.4553,415444,1,1915,1024,891,0.46527416,LowFoodAccessPly_349,{DA66B5E3-AAF5-4E95-8BD2-EF7CAF3EFB4B},,,,,0,0
360,182,-1,0,249,110010073041,2224,1294,930,533721.230548,6563.12218041,803,467,336,192677.24279,0.36100727,N,1,8,Ward 8,28714.0694298,30965852.4553,192673,1,803,336,467,0.58156914,LowFoodAccessPly_350,{33AF91AC-C396-4AE7-A482-E557B12D72EE},,,,,0,0
361,183,-1,0,250,110010073042,803,425,378,105389.798547,1539.6838701,628,333,296,82472.6819081,0.782549,N,1,8,Ward 8,28714.0694298,30965852.4553,82472.703125,1,628,296,333,0.53025478,LowFoodAccessPly_351,{CCB00AF5-E4E4-43E9-902D-FD3A8EF7E8B9},,,,,0,0
362,184,-1,0,251,110010073043,296,102,194,148071.804172,1977.05079403,296,102,194,148071.806069,1.00000001,N,1,8,Ward 8,28714.0694298,30965852.4553,148072,1,296,194,102,0.3445946,LowFoodAccessPly_352,{7ED94F1F-25CD-4845-BF3E-FDB6822246D0},,,,,0,0
363,198,-1,0,265,110010074093,1642,1075,567,94763.3649462,490.43498675,44,29,15,2514.4779705,0.02653428,N,1,8,Ward 8,28714.0694298,30965852.4553,2524.42993164,1,44,15,29,0.65909094,LowFoodAccessPly_353,{6A93C70D-6987-4458-BAA1-CF0CFA1568DC},,,,,0,0
364,327,-1,0,401,110010098041,1798,1049,749,250491.088009,4055.05674021,1798,1049,749,250491.075868,0.99999995,N,1,8,Ward 8,28714.0694298,30965852.4553,250502,1,1798,749,1049,0.58342606,LowFoodAccessPly_354,{34AB1C25-5ED2-4686-80D3-4C1CCB7DD478},,,,,0,0
365,328,-1,0,402,110010098042,980,421,559,165655.943858,2530.38411354,980,421,559,165655.949279,1.00000003,N,1,8,Ward 8,28714.0694298,30965852.4553,165656,1,980,559,421,0.42959183,LowFoodAccessPly_355,{CD5926BB-317B-4A77-AEDA-9BE23EF135C6},,,,,0,0
366,324,-1,0,398,110010098031,946,624,322,213620.596077,1933.87246029,946,624,322,213620.589686,0.99999997,N,1,8,Ward 8,28714.0694298,30965852.4553,213621,1,946,322,624,0.65961945,LowFoodAccessPly_356,{EAB59362-9B3C-48D6-9ACE-717629CC349B},,,,,0,0
367,329,-1,0,403,110010098071,827,435,392,392297.233103,6406.32175572,827,435,392,392297.213444,0.99999995,N,1,8,Ward 8,28714.0694298,30965852.4553,392297,1,827,392,435,0.52599758,LowFoodAccessPly_357,{CC4F7C1B-7048-4A6C-956B-7DB0B5F37C89},,,,,0,0
368,319,-1,0,393,110010097001,2546,1607,939,280515.154181,2603.61553884,2546,1607,939,280515.168723,1.00000005,N,1,8,Ward 8,28714.0694298,30965852.4553,280518,1,2546,939,1607,0.63118619,LowFoodAccessPly_358,{DA8DA3A8-216B-428B-9156-201E1BB39024},,,,,0,0
369,326,-1,0,400,110010098033,966,556,410,177636.053301,2146.66488301,966,556,410,177636.057313,1.00000002,N,1,8,Ward 8,28714.0694298,30965852.4553,177636,1,966,410,556,0.57556933,LowFoodAccessPly_359,{6BC8501E-0EBC-461C-99D2-3F5172D9AF00},,,,,0,0
370,321,-1,0,395,110010098011,2099,1214,885,355818.758187,3504.10046705,2099,1214,885,355818.78183,1.00000007,N,1,8,Ward 8,28714.0694298,30965852.4553,355812,1,2099,885,1214,0.57837063,LowFoodAccessPly_360,{E8933B2B-7609-4151-A98D-A709A66FB643},,,,,0,0
371,325,-1,0,399,110010098032,821,535,286,114954.997216,2468.20891281,821,535,286,114954.991869,0.99999995,N,1,8,Ward 8,28714.0694298,30965852.4553,114957,1,821,286,535,0.65164435,LowFoodAccessPly_361,{1A826F3A-F5C9-4377-B637-EABEEED24931},,,,,0,0
372,322,-1,0,396,110010098021,550,523,27,86551.7761507,1852.10845849,550,523,27,86551.7828725,1.00000008,N,1,8,Ward 8,28714.0694298,30965852.4553,86551.796875,1,550,27,523,0.95090908,LowFoodAccessPly_362,{41E47858-949D-4C74-BF0C-2960188CFAAB},,,,,0,0
373,320,-1,0,394,110010097002,813,290,523,89421.0948556,1326.85850515,813,290,523,89421.0915201,0.99999996,N,1,8,Ward 8,28714.0694298,30965852.4553,89421.1015625,1,813,523,290,0.35670358,LowFoodAccessPly_363,{38877EBA-ADB9-4B7B-B953-587218EDBE70},,,,,0,0
374,332,-1,0,406,110010098102,1173,749,424,113528.425046,1807.56531862,1173,749,424,113528.420358,0.99999996,N,1,8,Ward 8,28714.0694298,30965852.4553,113528,1,1173,424,749,0.63853365,LowFoodAccessPly_364,{D3D2372A-6A8C-4BE2-8053-69D52CA877BD},,,,,0,0
375,331,-1,0,405,110010098101,1492,814,678,218886.658194,4725.68507153,1492,814,678,218886.669911,1.00000005,N,1,8,Ward 8,28714.0694298,30965852.4553,218887,1,1492,678,814,0.54557639,LowFoodAccessPly_365,{76E050A0-D257-496D-BA67-AED73B5DF9A2},,,,,0,0
376,323,-1,0,397,110010098022,1096,499,597,114173.388866,1634.32307659,1096,499,597,114173.380974,0.99999993,N,1,8,Ward 8,28714.0694298,30965852.4553,114173,1,1096,597,499,0.45529196,LowFoodAccessPly_366,{A81EDF92-C73D-4A25-B74A-27EA270B75CA},,,,,0,0
377,333,-1,0,407,110010098111,1847,1172,675,235610.131826,2590.61946797,1762,1118,644,224753.608271,0.95392166,N,1,8,Ward 8,28714.0694298,30965852.4553,224754,1,1762,644,1118,0.63450623,LowFoodAccessPly_367,{6B17C4FD-A4E7-4EEB-95E4-FE855378B647},,,,,0,0
378,334,-1,0,408,110010098112,3171,1782,1389,231332.335491,2346.26101298,3167,1780,1387,231075.860965,0.99889132,N,1,8,Ward 8,28714.0694298,30965852.4553,231076,1,3167,1387,1780,0.56204611,LowFoodAccessPly_368,{6E5EA4BC-3F69-470F-BD03-CC94530EB05C},,,,,0,0
379,330,-1,0,404,110010098072,2129,767,1362,393152.04082,4786.50850705,2129,767,1362,393152.040949,1,N,1,8,Ward 8,28714.0694298,30965852.4553,393152,1,2129,1362,767,0.36026302,LowFoodAccessPly_369,{6C5A4943-C941-4844-8547-9C7ABBAFFE73},,,,,0,0
380,367,-1,0,443,110010109002,2060,1696,364,1804335.24359,11968.1816535,2056,1693,363,1800636.25934,0.99794995,N,1,8,Ward 8,28714.0694298,30965852.4553,1800640,1,2056,363,1693,0.82344359,LowFoodAccessPly_370,{D2C833C8-CDEA-441B-A488-F2FE90EEEE44},,,,,0,0
381,366,-1,0,442,110010109001,2171,1224,947,110538.185636,1398.89531325,2171,1224,947,110538.182489,0.99999997,N,1,8,Ward 8,28714.0694298,30965852.4553,110538,1,2171,947,1224,0.56379551,LowFoodAccessPly_371,{21149F00-A38D-46D3-8445-43F16481CDE7},,,,,0,0
